id,estate,divisi,blok,inti_plasma,tahun_tanam,blok_tt,bibit,status2,status,pokok,luas,sph
1,Melamor,2,A01,Inti,2008,A012008,Lonsum,TM,TM,3674,27.89,131.73180351380424
2,Melamor,2,A01,Inti,2020,A012020,Lonsum,TM,TM,602,4.22,142.65402843601896
3,Melamor,2,A01,Inti,2022,A012022,Lonsum,TBM 2,TBM,401,2.72,147.42647058823528
4,Melamor,2,A02,Inti,2009,A022009,Lonsum,TM,TM,2906,21.76,133.54779411764704
5,Melamor,2,A02,Inti,2020,A022020,Socfindo,TM,TM,136,0.45,302.22222222222223
6,Melamor,2,A02,Inti,2021,A022021,Socfindo,TBM 3,TBM,151,1.24,121.7741935483871
7,Melamor,2,A02,Inti,2022,A022022,Lonsum,TBM 2,TBM,780,5.3,147.16981132075472
8,Melamor,2,A02,Inti,2023,A022023,Lonsum,TBM 1,TBM,64,0.48,133.33333333333334
9,Melamor,2,A03,Inti,2022,A032022,Lonsum,TBM 2,TBM,214,1.69,126.62721893491124
10,Melamor,2,A04,Inti,2009,A042009,Damimas,TM,TM,1234,9.15,134.8633879781421
11,Melamor,2,A04,Inti,2020,A042020,Socfindo,TM,TM,1308,9.73,134.4295991778006
12,Melamor,2,A04,Inti,2021,A042021,Socfindo,TBM 3,TBM,155,1.11,139.63963963963965
13,Melamor,1,A05,Plasma,2010,A052010,Lonsum,TM,TM,787,5.82,135.22336769759448
14,Melamor,1,A05,Plasma,2020,A052020,Socfindo,TM,TM,424,3.15,134.6031746031746
15,Melamor,1,A05,Plasma,2021,A052021,Socfindo,TBM 3,TBM,490,3.37,145.40059347181008
16,Melamor,2,A07,Inti,2008,A072008,Damimas,TM,TM,1748,14.71,118.83072739632902
17,Melamor,2,A07,Inti,2020,A072020,Socfindo,TM,TM,10,0.04,250.0
18,Melamor,2,A07,Inti,2022,A072022,Lonsum,TBM 2,TBM,305,2.18,139.90825688073394
19,Melamor,2,A08,Inti,2008,A082008,Socfindo,TM,TM,1615,13.24,121.97885196374622
20,Melamor,2,A08,Inti,2022,A082022,Lonsum,TBM 2,TBM,191,1.37,139.4160583941606
21,Melamor,2,A09,Inti,2008,A092008,Socfindo,TM,TM,2041,15.29,133.48593852190976
22,Melamor,2,A09,Inti,2022,A092022,Lonsum,TBM 2,TBM,92,0.64,143.75
23,Melamor,2,A10,Inti,2008,A102008,Socfindo,TM,TM,1734,14.43,120.16632016632016
24,Melamor,2,A10,Inti,2020,A102020,Lonsum,TM,TM,202,1.44,140.27777777777777
25,Melamor,2,A10,Inti,2022,A102022,Lonsum,TBM 2,TBM,140,1.15,121.73913043478262
26,Melamor,2,A11,Inti,2008,A112008,Lonsum,TM,TM,2851,20.45,139.41320293398533
27,Melamor,2,A11,Inti,2020,A112020,Socfindo,TM,TM,158,0.77,205.1948051948052
28,Melamor,2,A11,Inti,2022,A112022,Lonsum,TBM 2,TBM,227,1.73,131.21387283236993
29,Melamor,2,A12,Inti,2008,A122008,Lonsum,TM,TM,4327,30.84,140.3047989623865
30,Melamor,2,A12,Inti,2020,A122020,Socfindo,TM,TM,422,2.5,168.8
31,Melamor,2,A12,Inti,2021,A122021,Lonsum,TBM 3,TBM,20,0.16,125.0
32,Melamor,2,A12,Inti,2022,A122022,Sriwijaya,TBM 2,TBM,160,0.96,166.66666666666666
33,Melamor,2,A13,Inti,2009,A132009,Lonsum,TM,TM,3096,22.07,140.28092433167194
34,Melamor,2,A13,Inti,2020,A132020,Socfindo,TM,TM,387,2.51,154.1832669322709
35,Melamor,2,A13,Inti,2022,A132022,Lonsum,TBM 2,TBM,646,4.12,156.79611650485435
36,Melamor,2,A14,Inti,2009,A142009,Damimas,TM,TM,2390,17.189999999999998,139.0343222803956
37,Melamor,2,A14,Inti,2020,A142020,Socfindo,TM,TM,321,2.21,145.24886877828055
38,Melamor,2,A14,Inti,2022,A142022,Lonsum,TBM 2,TBM,490,3.16,155.0632911392405
39,Melamor,2,A15,Inti,2009,A152009,Lonsum,TM,TM,3217,22.68,141.84303350970018
40,Melamor,2,A15,Inti,2020,A152020,Socfindo,TM,TM,44,0.45,97.77777777777776
41,Melamor,2,A15,Inti,2021,A152021,Socfindo,TBM 3,TBM,501,3.74,133.95721925133688
42,Melamor,1,A16,Inti,2020,A162020,Socfindo,TM,TM,719,5.98,120.23411371237458
43,Melamor,1,A16,Inti,2021,A162021,Lonsum,TBM 3,TBM,751,5.386864999999999,139.41318373488107
44,Melamor,1,A16,Inti,2022,A162022,Lonsum,TBM 2,TBM,904,6.140000000000001,147.23127035830618
45,Melamor,1,A16,Inti,2023,A162023,Lonsum,TBM 1,TBM,274,1.74,157.4712643678161
46,Melamor,1,A17,Plasma,2011,A172011,Damimas,TM,TM,3419,26.38706293706294,129.57107079915724
47,Melamor,1,A17,Plasma,2020,A172020,Socfindo,TM,TM,1119,7.8529370629370625,142.49445666402488
48,Melamor,1,A17,Plasma,2021,A172021,Socfindo,TBM 3,TBM,10,0.07,142.85714285714283
49,Melamor,2,A18,Inti,2010,A182010,Damimas,TM,TM,776,5.629999999999999,137.83303730017764
50,Melamor,2,A18,Inti,2020,A182020,Lonsum,TM,TM,230,1.6800000000000002,136.9047619047619
51,Melamor,2,A18,Inti,2022,A182022,Lonsum,TBM 2,TBM,539,3.67,146.866485013624
52,Melamor,2,A19,Inti,2009,A192009,Socfindo,TM,TM,2655,21.28,124.76503759398496
53,Melamor,2,A19,Inti,2022,A192022,Lonsum,TBM 2,TBM,603,3.88,155.41237113402062
54,Melamor,2,A20,Inti,2010,A202010,Socfindo,TM,TM,1359,11.066713286713286,122.8006875023696
55,Melamor,2,A20,Inti,2020,A202020,Socfindo,TM,TM,784,5.513286713286713,142.20192795535263
56,Melamor,2,A20,Inti,2022,A202022,Lonsum,TBM 2,TBM,81,0.54,150.0
57,Melamor,2,A21,Plasma,2009,A212009,Damimas,TM,TM,2254,17.6,128.0681818181818
58,Melamor,2,A21,Plasma,2020,A212020,Lonsum,TM,TM,325,2.27,143.1718061674009
59,Melamor,2,A21,Plasma,2022,A212022,Lonsum,TBM 2,TBM,127,0.91,139.56043956043956
60,Melamor,2,A22,Plasma,2010,A222010,Lonsum,TM,TM,2788,21.610000000000003,129.01434521055066
61,Melamor,2,A22,Plasma,2020,A222020,Socfindo,TM,TM,124,0.8999999999999999,137.7777777777778
62,Melamor,2,A22,Plasma,2021,A222021,Socfindo,TBM 3,TBM,449,3.28,136.89024390243904
63,Melamor,2,A22,Plasma,2022,A222022,Lonsum,TBM 2,TBM,448,2.8600000000000003,156.64335664335664
64,Melamor,2,A23,Inti,2010,A232010,Socfindo,TM,TM,933,6.8,137.2058823529412
65,Melamor,2,A23,Inti,2021,A232021,Socfindo,TBM 3,TBM,3137,22.97,136.56943839791032
66,Melamor,2,A23,Inti,2022,A232022,Lonsum,TBM 2,TBM,1497,9.83,152.28891149542218
67,Melamor,2,A23,Inti,2023,A232023,Sriwijaya,TBM 1,TBM,400,2.7,148.14814814814815
68,Melamor,1,A24,Inti,2021,A242021,Socfindo,TBM 3,TBM,1216,8.56,142.05607476635512
69,Melamor,1,A24,Inti,2022,A242022,Lonsum,TBM 2,TBM,307,2.22,138.2882882882883
70,Melamor,1,A25,Inti,2011,A252011,Socfindo,TM,TM,0,0.0,0.0
71,Melamor,1,A25,Inti,2020,A252020,Lonsum,TM,TM,2729,19.1993006993007,142.1405936987798
72,Melamor,1,A25,Inti,2021,A252021,Socfindo,TBM 3,TBM,247,0.8300000000000001,297.5903614457831
73,Melamor,1,A25,Inti,2022,A252022,Lonsum,TBM 2,TBM,22,0.17,129.41176470588235
74,Melamor,1,A26,Inti,2011,A262011,Damimas,TM,TM,1483,9.330000000000002,158.94962486602356
75,Melamor,1,A26,Inti,2020,A262020,Socfindo,TM,TM,1810,13.55,133.57933579335793
76,Melamor,1,A26,Inti,2021,A262021,Lonsum,TBM 3,TBM,605,4.27,141.68618266978925
77,Melamor,1,A26,Inti,2022,A262022,Lonsum,TBM 2,TBM,777,4.81,161.53846153846155
78,Melamor,1,A27,Inti,2011,A272011,Damimas,TM,TM,1810,14.15,127.91519434628977
79,Melamor,1,A27,Inti,2020,A272020,Socfindo,TM,TM,2623,16.72,156.87799043062202
80,Melamor,1,A27,Inti,2022,A272022,Lonsum,TBM 2,TBM,242,1.64,147.5609756097561
81,Melamor,1,A27,Inti,2023,A272023,Lonsum,TBM 1,TBM,135,0.0,0.0
82,Melamor,1,A28,Plasma,2011,A282011,Damimas,TM,TM,1509,12.4,121.69354838709678
83,Melamor,1,A28,Plasma,2020,A282020,Socfindo,TM,TM,812,5.76,140.97222222222223
84,Melamor,1,A28,Plasma,2021,A282021,Socfindo,TBM 3,TBM,300,2.12,141.50943396226415
85,Melamor,1,A28,Plasma,2022,A282022,Lonsum,TBM 2,TBM,763,5.77,132.2357019064125
86,Melamor,1,A28,Plasma,2023,A282023,Lonsum,TBM 1,TBM,22,0.0,0.0
87,Melamor,1,A29,Plasma,2012,A292012,Damimas,TM,TM,622,7.93,78.43631778058008
88,Melamor,1,A29,Plasma,2020,A292020,Socfindo,TM,TM,2663,18.75,142.02666666666667
89,Melamor,1,A29,Plasma,2021,A292021,Socfindo,TBM 3,TBM,648,4.176864,155.1403157967317
90,Melamor,1,A29,Plasma,2022,A292022,Lonsum,TBM 2,TBM,416,3.3800000000000003,123.07692307692308
91,Melamor,1,A29,Plasma,2023,A292023,Lonsum,TBM 1,TBM,23,0.0,0.0
92,Melamor,1,A30,Plasma,2011,A302011,Damimas,TM,TM,2285,12.289999999999996,185.9235150528886
93,Melamor,1,A30,Plasma,2020,A302020,Socfindo,TM,TM,3053,25.06000000000001,121.82761372705504
94,Melamor,1,A30,Plasma,2021,A302021,Socfindo,TBM 3,TBM,372,2.3800000000000003,156.30252100840335
95,Melamor,1,A30,Plasma,2023,A302023,Lonsum,TBM 1,TBM,140,0.48,291.6666666666667
96,Melamor,1,A31,Plasma,2011,A312011,Damimas,TM,TM,1538,9.66,159.21325051759834
97,Melamor,1,A31,Plasma,2020,A312020,Socfindo,TM,TM,4522,30.74,147.10474951203645
98,Melamor,1,A31,Plasma,2021,A312021,Socfindo,TBM 3,TBM,1239,7.79,159.05006418485237
99,Melamor,1,A31,Plasma,2022,A312022,Lonsum,TBM 2,TBM,1277,8.31,153.67027677496992
100,Melamor,1,A31,Plasma,2023,A312023,Lonsum,TBM 1,TBM,147,0.29,506.89655172413785
101,Melamor,2,A32,Plasma,2010,A322010,Lonsum,TM,TM,3904,30.04,129.9600532623169
102,Melamor,2,A32,Plasma,2020,A322020,Lonsum,TM,TM,2218,16.34,135.7405140758874
103,Melamor,2,A32,Plasma,2021,A322021,Lonsum,TBM 3,TBM,957,7.27,131.63686382393396
104,Melamor,2,A32,Plasma,2022,A322022,Lonsum,TBM 2,TBM,470,2.58,182.17054263565893
105,Melamor,1,A34,Inti,2020,A342020,Socfindo,TM,TM,5827,41.23,141.32912927479993
106,Melamor,1,A34,Inti,2021,A342021,Socfindo,TBM 3,TBM,501,3.68,136.1413043478261
107,Melamor,1,A34,Inti,2022,A342022,Lonsum,TBM 2,TBM,1808,12.45,145.22088353413656
108,Melamor,1,A34,Inti,2023,A342023,Lonsum,TBM 1,TBM,14,0.0,0.0
109,Melamor,1,A35,Inti,2011,A352011,Damimas,TM,TM,0,0.0,0.0
110,Melamor,1,A35,Inti,2020,A352020,Lonsum,TM,TM,1135,7.950769230769231,142.7534829721362
111,Melamor,1,A35,Inti,2021,A352021,Socfindo,TBM 3,TBM,94,0.32,293.75
112,Melamor,1,A36,Inti,2011,A362011,Damimas,TM,TM,145,1.5100000000000016,96.02649006622508
113,Melamor,1,A36,Inti,2020,A362020,Socfindo,TM,TM,3455,26.78,129.01418969380137
114,Melamor,1,A36,Inti,2021,A362021,Socfindo,TBM 3,TBM,405,2.92,138.6986301369863
115,Melamor,1,A36,Inti,2022,A362022,Lonsum,TBM 2,TBM,909,6.09,149.26108374384236
116,Melamor,1,A36,Inti,2023,A362023,Sriwijaya,TBM 1,TBM,516,1.9300000000000035,267.3575129533674
117,Melamor,1,A37,Plasma,2012,A372012,Damimas,TM,TM,1715,9.120000000000012,188.04824561403484
118,Melamor,1,A37,Plasma,2020,A372020,Socfindo,TM,TM,6918,52.49,131.7965326728901
119,Melamor,1,A37,Plasma,2021,A372021,Lonsum,TBM 3,TBM,5198,29.68,175.13477088948787
120,Melamor,1,A37,Plasma,2022,A372022,Lonsum,TBM 2,TBM,163,0.8899999999999999,183.1460674157304
121,Melamor,1,A37,Plasma,2023,A372023,Lonsum,TBM 1,TBM,90,0.0,0.0
122,Melamor,1,A38,Plasma,2012,A382012,Damimas,TM,TM,981,2.264265734265736,433.253034374131
123,Melamor,1,A38,Plasma,2020,A382020,Socfindo,TM,TM,3941,29.225734265734268,134.84691142971994
124,Melamor,1,A38,Plasma,2021,A382021,Socfindo,TBM 3,TBM,187,1.58,118.35443037974684
125,Melamor,1,A38,Plasma,2022,A382022,Lonsum,TBM 2,TBM,1546,11.03,140.16319129646416
126,Melamor,1,A38,Plasma,2023,A382023,Lonsum,TBM 1,TBM,158,0.31,509.6774193548387
127,Melamor,1,A44,Plasma,2022,A442022,Lonsum,TBM 2,TBM,238,1.76,135.22727272727272
128,Melamor,1,A46,Plasma,2022,A462022,Lonsum,TBM 2,TBM,122,0.75,162.66666666666666
129,Melamor,1,A46,Plasma,2023,A462023,Lonsum,TBM 1,TBM,53,0.33,160.6060606060606
130,Melamor,1,A48,Plasma,2022,A482022,Sriwijaya,TBM 2,TBM,830,5.87,141.396933560477
131,Melamor,1,A48,Plasma,2023,A482023,Sriwijaya,TBM 1,TBM,369,2.61,141.3793103448276
132,Melamor,1,A49,Plasma,2022,A492022,Lonsum,TBM 2,TBM,988,7.0200000000000005,140.74074074074073
133,Melamor,1,A50,Plasma,2022,A502022,Lonsum,TBM 2,TBM,705,4.8,146.875
134,Melamor,1,A52,Plasma,2022,A522022,Sriwijaya,TBM 2,TBM,810,5.88,137.75510204081633
135,Melamor,1,A54,Plasma,2022,A542022,Lonsum,TBM 2,TBM,273,2.19,124.65753424657537
136,Melamor,1,A56,Plasma,2022,A562022,Lonsum,TBM 2,TBM,191,1.3,146.9230769230769
137,Melamor,1,A57,Plasma,2022,A572022,Lonsum,TBM 2,TBM,298,2.11,141.23222748815166
138,Melamor,1,A58,Plasma,2022,A582022,Lonsum,TBM 2,TBM,376,2.27,165.63876651982378
139,Melamor,1,A58,Plasma,2023,A582023,Lonsum,TBM 1,TBM,273,1.8,151.66666666666666
140,Melamor,1,A59,Plasma,2022,A592022,Lonsum,TBM 2,TBM,454,3.13,145.04792332268372
141,Melamor,4,B02,Plasma,2011,B022011,Socfindo,TM,TM,1803,18.94,95.19535374868003
142,Melamor,4,B02,Plasma,2020,B022020,Socfindo,TM,TM,196,0.59,332.2033898305085
143,Melamor,4,B02,Plasma,2022,B022022,Lonsum,TBM 2,TBM,461,0.25,1844.0
144,Melamor,4,B03,Plasma,2022,B032022,Lonsum,TBM 2,TBM,556,3.94,141.11675126903555
145,Melamor,4,B04,Inti,2009,B042009,Damimas,TM,TM,1792,14.41,124.35808466342816
146,Melamor,4,B04,Inti,2020,B042020,Socfindo,TM,TM,89,0.32,278.125
147,Melamor,4,B04,Inti,2022,B042022,Lonsum,TBM 2,TBM,361,2.21,163.34841628959276
148,Melamor,4,B04,Inti,2023,B042023,Sriwijaya,TBM 1,TBM,22,0.0499999999999999,440.0000000000001
149,Melamor,4,B05,Inti,2008,B052008,Damimas,TM,TM,2415,18.9,127.7777777777778
150,Melamor,4,B05,Inti,2020,B052020,Socfindo,TM,TM,157,1.21,129.7520661157025
151,Melamor,4,B05,Inti,2022,B052022,Lonsum,TBM 2,TBM,115,0.93,123.65591397849462
152,Melamor,4,B06,Inti,2008,B062008,Lonsum,TM,TM,3777,28.14,134.2217484008529
153,Melamor,4,B06,Inti,2020,B062020,Socfindo,TM,TM,243,1.61,150.93167701863356
154,Melamor,4,B06,Inti,2021,B062021,Lonsum,TBM 3,TBM,49,0.34,144.1176470588235
155,Melamor,4,B06,Inti,2022,B062022,Lonsum,TBM 2,TBM,242,1.83,132.24043715846994
156,Melamor,4,B07,Inti,2009,B072009,Lonsum,TM,TM,2966,22.98,129.0687554395126
157,Melamor,4,B07,Inti,2020,B072020,Socfindo,TM,TM,207,1.28,161.71875
158,Melamor,4,B07,Inti,2022,B072022,Lonsum,TBM 2,TBM,570,4.09,139.3643031784841
159,Melamor,4,B07,Inti,2023,B072023,Sriwijaya,TBM 1,TBM,335,2.3,145.6521739130435
160,Melamor,4,B08,Inti,2008,B082008,Damimas,TM,TM,5215,36.73,141.98203103729924
161,Melamor,4,B08,Inti,2020,B082020,Socfindo,TM,TM,229,0.43,532.5581395348837
162,Melamor,4,B08,Inti,2022,B082022,Lonsum,TBM 2,TBM,91,0.46,197.8260869565217
163,Melamor,4,B09,Inti,2009,B092009,Lonsum,TM,TM,2510,20.4,123.03921568627452
164,Melamor,4,B09,Inti,2020,B092020,Socfindo,TM,TM,143,0.68,210.2941176470588
165,Melamor,4,B10,Plasma,2011,B102011,Socfindo,TM,TM,4074,30.85,132.0583468395462
166,Melamor,4,B10,Plasma,2020,B102020,Socfindo,TM,TM,433,2.2,196.8181818181818
167,Melamor,4,B10,Plasma,2022,B102022,Lonsum,TBM 2,TBM,277,1.84,150.54347826086956
168,Melamor,4,B11,Plasma,2010,B112010,Lonsum,TM,TM,2171,18.89,114.92853361566966
169,Melamor,4,B11,Plasma,2020,B112020,Socfindo,TM,TM,216,1.64,131.70731707317074
170,Melamor,3,B12,Inti,2010,B122010,Lonsum,TM,TM,2975,22.64,131.40459363957598
171,Melamor,3,B12,Inti,2020,B122020,Socfindo,TM,TM,770,5.890000000000001,130.73005093378606
172,Melamor,3,B12,Inti,2021,B122021,Lonsum,TBM 3,TBM,100,0.6399999999999999,156.25000000000003
173,Melamor,3,B12,Inti,2022,B122022,Lonsum,TBM 2,TBM,35,0.28,125.0
174,Melamor,4,B13,Inti,2009,B132009,Socfindo,TM,TM,4587,34.93,131.31978242198684
175,Melamor,4,B13,Inti,2020,B132020,Socfindo,TM,TM,510,3.3600000000000003,151.78571428571428
176,Melamor,3,B14,Inti,2009,B142009,Lonsum,TM,TM,6311,47.28,133.4813874788494
177,Melamor,3,B14,Inti,2020,B142020,Socfindo,TM,TM,444,3.06,145.09803921568627
178,Melamor,3,B14,Inti,2021,B142021,Lonsum,TBM 3,TBM,137,1.2,114.16666666666669
179,Melamor,3,B14,Inti,2022,B142022,Lonsum,TBM 2,TBM,165,1.09,151.3761467889908
180,Melamor,4,B16,Inti,2008,B162008,Lonsum,TM,TM,3840,29.47,130.3020020359688
181,Melamor,4,B16,Inti,2020,B162020,Socfindo,TM,TM,243,1.35,180.0
182,Melamor,4,B16,Inti,2022,B162022,Lonsum,TBM 2,TBM,357,2.58,138.37209302325584
183,Melamor,4,B16,Inti,2023,B162023,Lonsum,TBM 1,TBM,44,0.29,151.7241379310345
184,Melamor,4,B17,Inti,2009,B172009,Damimas,TM,TM,3440,26.78,128.45407020164302
185,Melamor,4,B17,Inti,2020,B172020,Socfindo,TM,TM,97,0.74,131.0810810810811
186,Melamor,4,B17,Inti,2022,B172022,Lonsum,TBM 2,TBM,331,2.34,141.45299145299143
187,Melamor,3,B18,Inti,2009,B182009,Lonsum,TM,TM,3229,25.26,127.83056215360251
188,Melamor,3,B18,Inti,2020,B182020,Socfindo,TM,TM,153,0.97,157.7319587628866
189,Melamor,3,B18,Inti,2021,B182021,Lonsum,TBM 3,TBM,230,1.59,144.65408805031447
190,Melamor,3,B18,Inti,2022,B182022,Lonsum,TBM 2,TBM,111,0.71,156.33802816901408
191,Melamor,3,B19,Plasma,2009,B192009,Lonsum,TM,TM,3049,21.59,141.2227883279296
192,Melamor,3,B19,Plasma,2020,B192020,Socfindo,TM,TM,353,2.81,125.62277580071174
193,Melamor,3,B20,Inti,2009,B202009,Lonsum,TM,TM,2974,27.0,110.14814814814817
194,Melamor,3,B20,Inti,2020,B202020,Socfindo,TM,TM,834,6.08,137.17105263157896
195,Melamor,3,B20,Inti,2021,B202021,Lonsum,TBM 3,TBM,420,3.41,123.16715542521992
196,Melamor,3,B20,Inti,2023,B202023,Sriwijaya,TBM 1,TBM,84,0.08,1049.9999999999998
197,Melamor,3,B21,Inti,2009,B212009,Damimas,TM,TM,2661,20.14,132.12512413108243
198,Melamor,3,B21,Inti,2020,B212020,Socfindo,TM,TM,526,3.14,167.51592356687897
199,Melamor,3,B21,Inti,2023,B212023,Lonsum,TBM 1,TBM,15,0.05,300.0
200,Melamor,4,B22,Inti,2009,B222009,Damimas,TM,TM,4050,30.71,131.87886681862585
201,Melamor,4,B22,Inti,2020,B222020,Socfindo,TM,TM,785,6.569999999999999,119.48249619482498
202,Melamor,4,B22,Inti,2022,B222022,Lonsum,TBM 2,TBM,404,2.8,144.2857142857143
203,Melamor,4,B22,Inti,2023,B222023,Lonsum,TBM 1,TBM,20,0.18,111.11111111111111
204,Melamor,3,B23,Inti,2009,B232009,Lonsum,TM,TM,2644,19.87,133.06492199295425
205,Melamor,3,B23,Inti,2020,B232020,Socfindo,TM,TM,288,2.19,131.5068493150685
206,Melamor,3,B24,Plasma,2009,B242009,Lonsum,TM,TM,3806,27.87,136.56261212773592
207,Melamor,3,B24,Plasma,2020,B242020,Lonsum,TM,TM,848,6.27,135.24720893141946
208,Melamor,3,B25,Plasma,2009,B252009,Lonsum,TM,TM,2751,20.64,133.28488372093025
209,Melamor,3,B25,Plasma,2020,B252020,Lonsum,TM,TM,346,2.42,142.97520661157026
210,Melamor,3,B25,Plasma,2021,B252021,Lonsum,TBM 3,TBM,105,0.77,136.36363636363637
211,Melamor,3,B25,Plasma,2022,B252022,Lonsum,TBM 2,TBM,269,1.92,140.10416666666669
212,Melamor,3,B26,Plasma,2009,B262009,Lonsum,TM,TM,3219,27.120000000000005,118.6946902654867
213,Melamor,3,B26,Plasma,2020,B262020,Lonsum,TM,TM,800,5.720000000000001,139.86013986013984
214,Melamor,3,B26,Plasma,2021,B262021,Socfindo,TBM 3,TBM,1502,11.68,128.5958904109589
215,Melamor,3,B26,Plasma,2022,B262022,Lonsum,TBM 2,TBM,563,3.79,148.54881266490764
216,Melamor,3,B27,Plasma,2009,B272009,Lonsum,TM,TM,1926,14.47,133.10297166551484
217,Melamor,3,B27,Plasma,2021,B272021,Socfindo,TBM 3,TBM,350,1.79,195.53072625698323
218,Melamor,3,B27,Plasma,2022,B272022,Lonsum,TBM 2,TBM,159,1.22,130.327868852459
219,Sedadung,1,C01,Inti,2008,C012008,Lonsum,TM,TM,3313,24.7,134.12955465587044
220,Sedadung,1,C01,Inti,2020,C012020,Lonsum,TM,TM,18,0.13,138.46153846153845
221,Sedadung,1,C02,Inti,2008,C022008,Lonsum,TM,TM,3809,28.26,134.78414720452938
222,Sedadung,1,C02,Inti,2020,C022020,Lonsum,TM,TM,429,2.84,151.05633802816902
223,Sedadung,1,C03,Inti,2008,C032008,Lonsum,TM,TM,4428,32.68,135.49571603427174
224,Sedadung,1,C03,Inti,2020,C032020,Socfindo,TM,TM,112,0.67,167.1641791044776
225,Sedadung,1,C04,Inti,2008,C042008,Lonsum,TM,TM,2511,18.66,134.56591639871385
226,Sedadung,1,C04,Inti,2020,C042020,Lonsum,TM,TM,350,2.33,150.2145922746781
227,Sedadung,1,C04,Inti,2023,C042023,Lonsum,TBM 1,TBM,423,2.48,170.56451612903226
228,Sedadung,1,C05,Inti,2008,C052008,Socfindo,TM,TM,2259,16.650000000000002,135.67567567567565
229,Sedadung,1,C05,Inti,2020,C052020,Lonsum,TM,TM,51,0.36,141.66666666666669
230,Sedadung,1,C05,Inti,2023,C052023,Lonsum,TBM 1,TBM,85,0.54,157.4074074074074
231,Sedadung,1,C06,Inti,2008,C062008,Socfindo,TM,TM,4219,33.02,127.771047849788
232,Sedadung,1,C06,Inti,2020,C062020,Socfindo,TM,TM,385,2.19,175.79908675799086
233,Sedadung,1,C07,Inti,2008,C072008,Socfindo,TM,TM,3835,27.5,139.45454545454547
234,Sedadung,1,C07,Inti,2020,C072020,Socfindo,TM,TM,609,4.3100000000000005,141.29930394431554
235,Sedadung,2,C08,Inti,2008,C082008,Socfindo,TM,TM,4745,35.279999999999994,134.49546485260774
236,Sedadung,2,C08,Inti,2020,C082020,Socfindo,TM,TM,157,1.02,153.92156862745097
237,Sedadung,2,C08,Inti,2022,C082022,Lonsum,TBM 2,TBM,261,1.83,142.62295081967213
238,Sedadung,2,C09,Inti,2009,C092009,Damimas,TM,TM,1496,11.29,132.50664304694422
239,Sedadung,2,C09,Inti,2020,C092020,Socfindo,TM,TM,423,3.29,128.57142857142858
240,Sedadung,2,C09,Inti,2022,C092022,Lonsum,TBM 2,TBM,222,1.4699999999999998,151.02040816326533
241,Sedadung,2,C10,Inti,2008,C102008,Lonsum,TM,TM,2415,19.51,123.78267555099949
242,Sedadung,2,C10,Inti,2020,C102020,Lonsum,TM,TM,196,1.24,158.06451612903226
243,Sedadung,2,C10,Inti,2022,C102022,Lonsum,TBM 2,TBM,136,1.0,136.0
244,Sedadung,1,C11,Inti,2008,C112008,Damimas,TM,TM,2613,19.67,132.8418912048805
245,Sedadung,1,C11,Inti,2020,C112020,Socfindo,TM,TM,73,0.5,146.0
246,Sedadung,1,C11,Inti,2023,C112023,Socfindo,TBM 1,TBM,35,0.05,699.9999999999994
247,Sedadung,1,C12,Inti,2008,C122008,Lonsum,TM,TM,3154,23.35,135.07494646680942
248,Sedadung,1,C12,Inti,2023,C122023,Socfindo,TBM 1,TBM,183,1.23,148.78048780487805
249,Sedadung,1,C13,Inti,2022,C132022,Lonsum,TBM 2,TBM,50,0.35,142.85714285714286
250,Sedadung,1,C14,Inti,2008,C142008,Lonsum,TM,TM,2033,17.07,119.0978324545987
251,Sedadung,1,C14,Inti,2022,C142022,Lonsum,TBM 2,TBM,97,0.66,146.96969696969697
252,Sedadung,2,C15,Inti,2008,C152008,Socfindo,TM,TM,2333,18.17,128.39845899834893
253,Sedadung,2,C15,Inti,2022,C152022,Lonsum,TBM 2,TBM,150,1.0,150.0
254,Sedadung,2,C15,Inti,2023,C152023,Socfindo,TBM 1,TBM,113,0.63,179.36507936507937
255,Sedadung,2,C16,Inti,2008,C162008,Socfindo,TM,TM,1980,14.7,134.6938775510204
256,Sedadung,2,C16,Inti,2020,C162020,Socfindo,TM,TM,14,0.12,116.66666666666669
257,Sedadung,2,C17,Inti,2008,C172008,Lonsum,TM,TM,4785,35.44,135.01693002257338
258,Sedadung,2,C17,Inti,2020,C172020,Socfindo,TM,TM,243,1.58,153.79746835443038
259,Sedadung,2,C17,Inti,2021,C172021,Socfindo,TBM 3,TBM,52,0.15,346.6666666666667
260,Sedadung,2,C17,Inti,2022,C172022,Lonsum,TBM 2,TBM,290,1.8,161.11111111111111
261,Sedadung,2,C17,Inti,2023,C172023,Lonsum,TBM 1,TBM,108,0.69,156.52173913043478
262,Sedadung,2,C18,Inti,2020,C182020,Socfindo,TM,TM,47,0.4,117.5
263,Sedadung,2,C19,Inti,2009,C192009,Lonsum,TM,TM,3040,22.85,133.04157549234134
264,Sedadung,2,C19,Inti,2020,C192020,Socfindo,TM,TM,190,1.03,184.4660194174757
265,Sedadung,2,C19,Inti,2022,C192022,Lonsum,TBM 2,TBM,249,1.61,154.65838509316768
266,Sedadung,2,C20,Inti,2008,C202008,Socfindo,TM,TM,3795,28.22,134.47909284195606
267,Sedadung,2,C20,Inti,2020,C202020,Socfindo,TM,TM,405,2.54,159.4488188976378
268,Sedadung,2,C21,Inti,2020,C212020,Socfindo,TM,TM,475,4.18,113.63636363636364
269,Sedadung,2,C21,Inti,2021,C212021,Socfindo,TBM 3,TBM,319,1.77,180.22598870056495
270,Sedadung,2,C22,Inti,2022,C222022,Lonsum,TBM 2,TBM,295,2.21,133.4841628959276
271,Sedadung,2,C23,Inti,2022,C232022,Lonsum,TBM 2,TBM,24,0.19,126.3157894736842
272,Sedadung,2,C24,Inti,2022,C242022,Lonsum,TBM 2,TBM,52,0.45,115.55555555555556
273,Sedadung,2,C25,Inti,2022,C252022,Lonsum,TBM 2,TBM,363,2.81,129.1814946619217
274,Sedadung,1,C26,Inti,2008,C262008,Damimas,TM,TM,4740,34.56,137.15277777777777
275,Sedadung,1,C26,Inti,2022,C262022,Lonsum,TBM 2,TBM,813,5.5600000000000005,146.2230215827338
276,Sedadung,1,C26,Inti,2023,C262023,Topaz,TBM 1,TBM,315,2.08,151.44230769230768
277,Sedadung,1,C27,Inti,2008,C272008,Damimas,TM,TM,1740,12.14,143.32784184514003
278,Sedadung,1,C27,Inti,2020,C272020,Socfindo,TM,TM,170,1.2,141.66666666666669
279,Sedadung,1,C28,Inti,2009,C282009,Lonsum,TM,TM,1033,9.01,114.6503884572697
280,Sedadung,2,C29,Inti,2009,C292009,Lonsum,TM,TM,4957,36.0,137.69444444444446
281,Sedadung,2,C29,Inti,2020,C292020,Socfindo,TM,TM,130,0.78,166.66666666666666
282,Sedadung,2,C29,Inti,2022,C292022,Lonsum,TBM 2,TBM,276,1.94,142.2680412371134
283,Sedadung,2,C29,Inti,2023,C292023,Lonsum,TBM 1,TBM,11,0.0,0.0
284,Sedadung,2,C31,Inti,2009,C312009,Lonsum,TM,TM,4392,33.129999999999995,132.56866888016904
285,Sedadung,2,C31,Inti,2020,C312020,Socfindo,TM,TM,385,2.5700000000000003,149.8054474708171
286,Sedadung,2,C31,Inti,2021,C312021,Socfindo,TBM 3,TBM,244,1.84,132.6086956521739
287,Sedadung,2,C31,Inti,2022,C312022,Lonsum,TBM 2,TBM,395,2.69,146.84014869888478
288,Sedadung,2,C31,Inti,2023,C312023,Lonsum,TBM 1,TBM,101,0.89,113.48314606741572
289,Sedadung,2,C33,Inti,2021,C332021,Socfindo,TBM 3,TBM,155,1.12,138.39285714285714
290,Sedadung,2,C34,Inti,2010,C342010,Socfindo,TM,TM,1066,9.68,110.12396694214875
291,Sedadung,2,C34,Inti,2020,C342020,Socfindo,TM,TM,409,3.14,130.25477707006368
292,Sedadung,2,C34,Inti,2022,C342022,Lonsum,TBM 2,TBM,158,0.88,179.54545454545453
293,Sedadung,2,C38,Inti,2022,C382022,Lonsum,TBM 2,TBM,460,3.3999999999999995,135.29411764705884
294,Sedadung,2,C38,Inti,2023,C382023,Lonsum,TBM 1,TBM,61,0.34,179.41176470588235
295,Sedadung,2,C39,Inti,2022,C392022,Lonsum,TBM 2,TBM,153,1.01,151.4851485148515
296,Sedadung,2,C40,Inti,2022,C402022,Lonsum,TBM 2,TBM,252,1.81,139.22651933701658
297,Sedadung,2,C40,Inti,2023,C402023,Topaz,TBM 1,TBM,14,0.1,140.0
298,Sedadung,2,C41,Inti,2022,C412022,Lonsum,TBM 2,TBM,73,0.48,152.08333333333334
299,Sedadung,2,C41,Inti,2023,C412023,Lonsum,TBM 1,TBM,152,1.06,143.39622641509433
300,Sedadung,2,C42,Inti,2023,C422023,Lonsum,TBM 1,TBM,71,0.52,136.53846153846155
301,Sedadung,4,D01,Plasma,2011,D012011,Socfindo,TM,TM,1253,19.46,64.38848920863309
302,Sedadung,4,D01,Plasma,2021,D012021,Socfindo,TBM 3,TBM,143,1.03,138.83495145631068
303,Sedadung,4,D01,Plasma,2022,D012022,Lonsum,TBM 2,TBM,1323,2.5,529.2
304,Sedadung,4,D01,Plasma,2023,D012023,Lonsum,TBM 1,TBM,43,0.0,0.0
305,Sedadung,4,D02,Plasma,2009,D022009,Socfindo,TM,TM,2888,29.63,97.4687816402295
306,Sedadung,4,D02,Plasma,2021,D022021,Socfindo,TBM 3,TBM,77,0.7000000000000001,110.0
307,Sedadung,4,D02,Plasma,2022,D022022,Lonsum,TBM 2,TBM,411,0.0,0.0
308,Sedadung,4,D02,Plasma,2023,D022023,Topaz,TBM 1,TBM,153,0.0,0.0
309,Sedadung,4,D03,Plasma,2008,D032008,Socfindo,TM,TM,4003,29.49,135.74092912851816
310,Sedadung,4,D03,Plasma,2020,D032020,Socfindo,TM,TM,341,1.64,207.9268292682927
311,Sedadung,4,D03,Plasma,2022,D032022,Lonsum,TBM 2,TBM,42,0.0,0.0
312,Sedadung,3,D04,Inti,2008,D042008,Socfindo,TM,TM,2964,22.14,133.87533875338755
313,Sedadung,3,D04,Inti,2020,D042020,Socfindo,TM,TM,249,1.26,197.6190476190476
314,Sedadung,3,D05,Inti,2008,D052008,Socfindo,TM,TM,3348,23.2,144.31034482758622
315,Sedadung,3,D05,Inti,2020,D052020,Socfindo,TM,TM,75,0.61,122.95081967213116
316,Sedadung,3,D05,Inti,2021,D052021,Socfindo,TBM 3,TBM,21,0.15,140.0
317,Sedadung,3,D06,Inti,2008,D062008,Socfindo,TM,TM,1911,13.71,139.38730853391684
318,Sedadung,3,D06,Inti,2020,D062020,Socfindo,TM,TM,85,0.4599999999999999,184.7826086956522
319,Sedadung,3,D07,Inti,2008,D072008,Lonsum,TM,TM,4850,37.1,130.7277628032345
320,Sedadung,3,D07,Inti,2020,D072020,Lonsum,TM,TM,246,1.57,156.68789808917197
321,Sedadung,3,D07,Inti,2022,D072022,Lonsum,TBM 2,TBM,71,0.0,0.0
322,Sedadung,3,D08,Inti,2008,D082008,Lonsum,TM,TM,3332,24.14,138.0281690140845
323,Sedadung,3,D08,Inti,2020,D082020,Socfindo,TM,TM,141,0.3999999999999999,352.50000000000006
324,Sedadung,3,D08,Inti,2022,D082022,Lonsum,TBM 2,TBM,152,1.22,124.59016393442624
325,Sedadung,3,D09,Inti,2010,D092010,Lonsum,TM,TM,2016,14.47,139.3227366966137
326,Sedadung,3,D09,Inti,2020,D092020,Socfindo,TM,TM,49,0.22,222.72727272727272
327,Sedadung,3,D10,Inti,2010,D102010,Lonsum,TM,TM,1444,10.92,132.23443223443223
328,Sedadung,3,D10,Inti,2020,D102020,Lonsum,TM,TM,10,0.07,142.85714285714283
329,Sedadung,3,D10,Inti,2021,D102021,Socfindo,TBM 3,TBM,162,1.19,136.1344537815126
330,Sedadung,3,D10,Inti,2022,D102022,Lonsum,TBM 2,TBM,180,1.16,155.17241379310346
331,Sedadung,4,D11,Plasma,2009,D112009,Damimas,TM,TM,1487,12.54,118.5805422647528
332,Sedadung,4,D11,Plasma,2022,D112022,Lonsum,TBM 2,TBM,73,0.29,251.7241379310345
333,Sedadung,4,D12,Plasma,2009,D122009,Socfindo,TM,TM,3045,24.7,123.27935222672065
334,Sedadung,4,D12,Plasma,2022,D122022,Lonsum,TBM 2,TBM,1004,5.6000000000000005,179.28571428571428
335,Sedadung,4,D13,Plasma,2009,D132009,Socfindo,TM,TM,3429,24.92,137.60032102728732
336,Sedadung,4,D13,Plasma,2020,D132020,Socfindo,TM,TM,160,0.48,333.33333333333337
337,Sedadung,4,D13,Plasma,2022,D132022,Lonsum,TBM 2,TBM,380,2.64,143.93939393939397
338,Sedadung,4,D14,Plasma,2008,D142008,Lonsum,TM,TM,3982,29.64,134.3454790823212
339,Sedadung,4,D14,Plasma,2020,D142020,Socfindo,TM,TM,180,0.61,295.08196721311475
340,Sedadung,4,D14,Plasma,2022,D142022,Lonsum,TBM 2,TBM,160,0.0,0.0
341,Sedadung,3,D15,Inti,2008,D152008,Socfindo,TM,TM,3997,29.53,135.35387741280053
342,Sedadung,3,D15,Inti,2020,D152020,Socfindo,TM,TM,330,2.34,141.02564102564102
343,Sedadung,3,D16,Inti,2008,D162008,Socfindo,TM,TM,2763,20.28,136.24260355029585
344,Sedadung,3,D16,Inti,2020,D162020,Socfindo,TM,TM,130,0.89,146.06741573033707
345,Sedadung,3,D17,Inti,2008,D172008,Lonsum,TM,TM,1429,10.3,138.7378640776699
346,Sedadung,3,D17,Inti,2020,D172020,Socfindo,TM,TM,60,0.22,272.72727272727275
347,Sedadung,3,D18,Inti,2022,D182022,Lonsum,TBM 2,TBM,155,1.18,131.35593220338984
348,Sedadung,4,D20,Plasma,2009,D202009,Lonsum,TM,TM,1371,11.14,123.07001795332135
349,Sedadung,4,D20,Plasma,2022,D202022,Lonsum,TBM 2,TBM,116,0.34,341.17647058823525
350,Sedadung,4,D22,Inti,2009,D222009,Damimas,TM,TM,2153,19.56,110.0715746421268
351,Sedadung,4,D22,Inti,2020,D222020,Socfindo,TM,TM,50,0.23,217.3913043478261
352,Sedadung,4,D22,Inti,2022,D222022,Lonsum,TBM 2,TBM,915,4.109999999999999,222.6277372262774
353,Sedadung,4,D25,Inti,2008,D252008,Damimas,TM,TM,2251,20.32,110.7775590551181
354,Sedadung,4,D26,Inti,2008,D262008,Socfindo,TM,TM,1938,17.87,108.44991606043648
355,Sedadung,4,D29,Inti,2010,D292010,Socfindo,TM,TM,1406,11.35,123.87665198237886
356,Sedadung,4,D29,Inti,2020,D292020,Socfindo,TM,TM,40,0.1,400.0
357,Sedadung,4,D29,Inti,2022,D292022,Lonsum,TBM 2,TBM,78,0.0,0.0
358,Sedadung,4,D31,Inti,2009,D312009,Lonsum,TM,TM,2754,19.94,138.11434302908728
359,Sedadung,4,D31,Inti,2020,D312020,Socfindo,TM,TM,285,2.1,135.71428571428572
360,Sedadung,4,D32,Inti,2009,D322009,Socfindo,TM,TM,1079,7.82,137.97953964194372
361,Sedadung,3,D33,Inti,2008,D332008,Lonsum,TM,TM,2233,18.44,121.0954446854664
362,Sedadung,3,D33,Inti,2020,D332020,Lonsum,TM,TM,131,0.92,142.3913043478261
363,Sedadung,3,D33,Inti,2022,D332022,Lonsum,TBM 2,TBM,34,0.26,130.76923076923077
364,Sedadung,3,D34,Inti,2008,D342008,Lonsum,TM,TM,1297,10.54818181818182,122.95957941911574
365,Sedadung,3,D34,Inti,2020,D342020,Socfindo,TM,TM,26,0.1818181818181818,143.0
366,Sedadung,3,D34,Inti,2022,D342022,Lonsum,TBM 2,TBM,23,0.0,0.0
367,Sedadung,3,D35,Inti,2008,D352008,Socfindo,TM,TM,1584,11.956083916083916,132.4848513206841
368,Sedadung,3,D35,Inti,2020,D352020,Socfindo,TM,TM,82,0.7939160839160839,103.28547520479168
369,Sedadung,3,D35,Inti,2022,D352022,Lonsum,TBM 2,TBM,159,0.91,174.72527472527472
370,Sedadung,3,D36,Inti,2010,D362010,Damimas,TM,TM,3647,27.55,132.37749546279494
371,Sedadung,3,D36,Inti,2020,D362020,Socfindo,TM,TM,250,1.28,195.3125
372,Sedadung,3,D36,Inti,2021,D362021,Socfindo,TBM 3,TBM,268,1.84,145.6521739130435
373,Sedadung,6,E39,Inti,2010,E392010,Socfindo,TM,TM,1568,12.13,129.26628194558947
374,Sedadung,6,E39,Inti,2020,E392020,Socfindo,TM,TM,90,0.4,225.0
375,Sedadung,6,E39,Inti,2021,E392021,Socfindo,TBM 3,TBM,238,1.68,141.66666666666669
376,Sedadung,6,E39,Inti,2022,E392022,Lonsum,TBM 2,TBM,332,2.17,152.99539170506912
377,Sedadung,6,E39,Inti,2023,E392023,Lonsum,TBM 1,TBM,46,0.33,139.39393939393938
378,Sedadung,6,E40,Inti,2009,E402009,Socfindo,TM,TM,2053,15.75,130.34920634920636
379,Sedadung,6,E40,Inti,2020,E402020,Socfindo,TM,TM,180,0.86,209.30232558139537
380,Sedadung,5,E01,Inti,2008,E012008,Socfindo,TM,TM,2524,19.82,127.34611503531788
381,Sedadung,5,E01,Inti,2020,E012020,Socfindo,TM,TM,373,2.06,181.06796116504853
382,Sedadung,5,E01,Inti,2021,E012021,Socfindo,TBM 3,TBM,133,0.96,138.54166666666669
383,Sedadung,5,E02,Inti,2008,E022008,Lonsum,TM,TM,2456,17.93,136.9771332961517
384,Sedadung,5,E02,Inti,2020,E022020,Socfindo,TM,TM,244,1.36,179.41176470588235
385,Sedadung,5,E03,Inti,2010,E032010,Damimas,TM,TM,2180,16.23,134.31916204559457
386,Sedadung,5,E03,Inti,2020,E032020,Socfindo,TM,TM,432,3.02,143.04635761589404
387,Sedadung,5,E04,Inti,2008,E042008,Socfindo,TM,TM,1526,10.95,139.3607305936073
388,Sedadung,5,E04,Inti,2020,E042020,Socfindo,TM,TM,52,0.19,273.6842105263158
389,Sedadung,5,E04,Inti,2022,E042022,Lonsum,TBM 2,TBM,21,0.0,0.0
390,Sedadung,5,E05,Inti,2010,E052010,Socfindo,TM,TM,984,9.31,105.69280343716432
391,Sedadung,5,E05,Inti,2020,E052020,Lonsum,TM,TM,295,2.28,129.3859649122807
392,Sedadung,5,E05,Inti,2021,E052021,Lonsum,TBM 3,TBM,96,0.6,160.0
393,Sedadung,5,E05,Inti,2022,E052022,Lonsum,TBM 2,TBM,844,6.199999999999999,136.12903225806454
394,Sedadung,5,E05,Inti,2023,E052023,Lonsum,TBM 1,TBM,270,0.82,329.26829268292687
395,Sedadung,5,E06,Inti,2008,E062008,Lonsum,TM,TM,1847,13.51,136.71354552183567
396,Sedadung,5,E07,Inti,2010,E072010,Socfindo,TM,TM,319,2.21,144.34389140271497
397,Sedadung,5,E07,Inti,2020,E072020,Socfindo,TM,TM,20,0.12,166.66666666666669
398,Sedadung,5,E07,Inti,2022,E072022,Lonsum,TBM 2,TBM,88,0.2699999999999999,325.925925925926
399,Sedadung,5,E08,Inti,2008,E082008,Damimas,TM,TM,4307,31.8,135.44025157232704
400,Sedadung,5,E08,Inti,2020,E082020,Socfindo,TM,TM,363,2.71,133.94833948339485
401,Sedadung,5,E08,Inti,2021,E082021,Lonsum,TBM 3,TBM,210,1.9,110.52631578947368
402,Sedadung,5,E08,Inti,2022,E082022,Lonsum,TBM 2,TBM,730,4.81,151.76715176715177
403,Sedadung,5,E08,Inti,2023,E082023,Lonsum,TBM 1,TBM,208,1.44,144.44444444444446
404,Sedadung,5,E09,Inti,2008,E092008,Lonsum,TM,TM,2594,19.23,134.89339573582944
405,Sedadung,5,E09,Inti,2021,E092021,Socfindo,TBM 3,TBM,227,1.71,132.7485380116959
406,Sedadung,5,E09,Inti,2022,E092022,Lonsum,TBM 2,TBM,182,1.41,129.07801418439718
407,Sedadung,5,E09,Inti,2023,E092023,Lonsum,TBM 1,TBM,199,1.16,171.55172413793105
408,Sedadung,5,E10,Inti,2010,E102010,Lonsum,TM,TM,148,1.31,112.97709923664122
409,Sedadung,5,E10,Inti,2021,E102021,Lonsum,TBM 3,TBM,2763,20.79,132.90043290043292
410,Sedadung,5,E10,Inti,2022,E102022,Lonsum,TBM 2,TBM,129,0.92,140.2173913043478
411,Sedadung,5,E10,Inti,2023,E102023,Lonsum,TBM 1,TBM,41,0.32,128.125
412,Sedadung,5,E11,Inti,2010,E112010,Socfindo,TM,TM,1230,8.760000000000002,140.41095890410958
413,Sedadung,5,E11,Inti,2020,E112020,Socfindo,TM,TM,315,2.39,131.79916317991632
414,Sedadung,5,E11,Inti,2021,E112021,Socfindo,TBM 3,TBM,1188,8.99,132.146829810901
415,Sedadung,5,E11,Inti,2022,E112022,Lonsum,TBM 2,TBM,1174,8.75,134.17142857142858
416,Sedadung,5,E12,Inti,2010,E122010,Socfindo,TM,TM,782,4.98,157.02811244979918
417,Sedadung,5,E12,Inti,2020,E122020,Socfindo,TM,TM,1507,11.03,136.62737987307344
418,Sedadung,5,E12,Inti,2022,E122022,Lonsum,TBM 2,TBM,416,3.05,136.39344262295083
419,Sedadung,5,E12,Inti,2023,E122023,Lonsum,TBM 1,TBM,102,0.62,164.51612903225808
420,Sedadung,5,E13,Inti,2010,E132010,Damimas,TM,TM,3545,27.14,130.61901252763448
421,Sedadung,5,E13,Inti,2020,E132020,Lonsum,TM,TM,370,2.73,135.53113553113553
422,Sedadung,5,E13,Inti,2021,E132021,Lonsum,TBM 3,TBM,200,1.46,136.986301369863
423,Sedadung,5,E13,Inti,2022,E132022,Lonsum,TBM 2,TBM,281,2.14,131.30841121495325
424,Sedadung,5,E14,Inti,2020,E142020,Socfindo,TM,TM,251,2.12,118.39622641509432
425,Sedadung,5,E14,Inti,2022,E142022,Lonsum,TBM 2,TBM,389,2.87,135.54006968641116
426,Sedadung,5,E14,Inti,2023,E142023,Lonsum,TBM 1,TBM,170,1.32,128.78787878787878
427,Sedadung,5,E15,Inti,2010,E152010,Socfindo,TM,TM,2817,21.41,131.5740308267165
428,Sedadung,5,E15,Inti,2020,E152020,Socfindo,TM,TM,1387,10.38,133.6223506743738
429,Sedadung,5,E15,Inti,2021,E152021,Socfindo,TBM 3,TBM,831,6.464851,128.5412455754974
430,Sedadung,5,E15,Inti,2022,E152022,Lonsum,TBM 2,TBM,832,5.28,157.57575757575756
431,Sedadung,5,E15,Inti,2023,E152023,Topaz,TBM 1,TBM,73,0.5700000000000001,128.07017543859646
432,Sedadung,5,E16,Inti,2020,E162020,Socfindo,TM,TM,277,2.16,128.24074074074073
433,Sedadung,5,E16,Inti,2021,E162021,Socfindo,TBM 3,TBM,2683,20.750000000000004,129.30120481927707
434,Sedadung,5,E16,Inti,2022,E162022,Lonsum,TBM 2,TBM,230,1.56,147.43589743589743
435,Sedadung,5,E16,Inti,2023,E162023,Lonsum,TBM 1,TBM,56,0.34,164.70588235294116
436,Sedadung,5,E17,Inti,2010,E172010,Socfindo,TM,TM,945,7.499999999999999,126.0
437,Sedadung,5,E17,Inti,2020,E172020,Socfindo,TM,TM,985,7.190000000000001,136.99582753824754
438,Sedadung,5,E17,Inti,2021,E172021,Socfindo,TBM 3,TBM,145,1.02,142.15686274509804
439,Sedadung,5,E17,Inti,2023,E172023,Lonsum,TBM 1,TBM,54,0.38,142.10526315789474
440,Sedadung,5,E18,Inti,2022,E182022,Lonsum,TBM 2,TBM,379,2.75,137.8181818181818
441,Sedadung,5,E18,Inti,2023,E182023,Lonsum,TBM 1,TBM,49,0.32,153.125
442,Sedadung,5,E19,Inti,2022,E192022,Lonsum,TBM 2,TBM,438,3.3200000000000003,131.9277108433735
443,Sedadung,6,E20,Plasma,2013,E202013,Damimas,TM,TM,1314,11.91,110.32745591939546
444,Sedadung,6,E20,Plasma,2020,E202020,Socfindo,TM,TM,614,1.52,403.9473684210526
445,Sedadung,6,E20,Plasma,2021,E202021,Socfindo,TBM 3,TBM,3343,24.21,138.08343659644774
446,Sedadung,6,E20,Plasma,2022,E202022,Lonsum,TBM 2,TBM,1723,11.5,149.82608695652175
447,Sedadung,6,E20,Plasma,2023,E202023,Lonsum,TBM 1,TBM,87,0.5,174.0
448,Sedadung,6,E21,Plasma,2023,E212023,Lonsum,TBM 1,TBM,35,0.23,152.17391304347825
449,Sedadung,6,E22,Plasma,2022,E222022,Lonsum,TBM 2,TBM,561,3.42,164.03508771929825
450,Sedadung,6,E22,Plasma,2023,E222023,Sriwijaya,TBM 1,TBM,421,3.08,136.68831168831167
451,Sedadung,6,E23,Plasma,2011,E232011,Lonsum,TM,TM,2225,20.76,107.17726396917148
452,Sedadung,6,E23,Plasma,2021,E232021,Socfindo,TBM 3,TBM,1761,11.77,149.6176720475786
453,Sedadung,6,E23,Plasma,2022,E232022,Lonsum,TBM 2,TBM,450,2.37,189.873417721519
454,Sedadung,6,E24,Plasma,2012,E242012,Lonsum,TM,TM,1610,13.98,115.1645207439199
455,Sedadung,6,E24,Plasma,2021,E242021,Socfindo,TBM 3,TBM,5495,37.4,146.92513368983958
456,Sedadung,6,E24,Plasma,2022,E242022,Lonsum,TBM 2,TBM,984,6.69,147.08520179372198
457,Sedadung,6,E24,Plasma,2023,E242023,Sriwijaya,TBM 1,TBM,18,0.1,180.0
458,Sedadung,6,E25,Inti,2009,E252009,Lonsum,TM,TM,1993,15.58,127.9204107830552
459,Sedadung,6,E25,Inti,2020,E252020,Socfindo,TM,TM,118,0.51,231.37254901960785
460,Sedadung,6,E26,Inti,2009,E262009,Lonsum,TM,TM,2503,17.87,140.0671516508114
461,Sedadung,6,E26,Inti,2020,E262020,Socfindo,TM,TM,224,1.04,215.3846153846154
462,Sedadung,6,E26,Inti,2021,E262021,Socfindo,TBM 3,TBM,177,1.2000000000000002,147.49999999999997
463,Sedadung,6,E26,Inti,2022,E262022,Lonsum,TBM 2,TBM,848,5.819999999999999,145.7044673539519
464,Sedadung,6,E26,Inti,2023,E262023,Lonsum,TBM 1,TBM,74,0.6699999999999999,110.44776119402988
465,Sedadung,6,E27,Inti,2009,E272009,Lonsum,TM,TM,1692,14.51,116.6092350103377
466,Sedadung,6,E27,Inti,2020,E272020,Socfindo,TM,TM,68,0.17,400.0
467,Sedadung,6,E27,Inti,2022,E272022,Lonsum,TBM 2,TBM,184,0.6,306.6666666666667
468,Sedadung,6,E28,Inti,2009,E282009,Socfindo,TM,TM,3968,27.43,144.65913233685745
469,Sedadung,6,E28,Inti,2020,E282020,Socfindo,TM,TM,680,4.85,140.20618556701032
470,Sedadung,6,E28,Inti,2021,E282021,Lonsum,TBM 3,TBM,1845,13.440651,137.2701366920397
471,Sedadung,6,E28,Inti,2022,E282022,Lonsum,TBM 2,TBM,971,6.49,149.61479198767333
472,Sedadung,6,E28,Inti,2023,E282023,Lonsum,TBM 1,TBM,95,0.72,131.94444444444446
473,Sedadung,6,E29,Inti,2009,E292009,Lonsum,TM,TM,3791,31.770000000000003,119.32640856153604
474,Sedadung,6,E29,Inti,2020,E292020,Socfindo,TM,TM,323,1.82,177.47252747252747
475,Sedadung,6,E29,Inti,2021,E292021,Socfindo,TBM 3,TBM,655,4.94,132.59109311740892
476,Sedadung,6,E29,Inti,2022,E292022,Lonsum,TBM 2,TBM,195,1.21,161.15702479338844
477,Sedadung,6,E29,Inti,2023,E292023,Lonsum,TBM 1,TBM,68,0.52,130.76923076923077
478,Sedadung,6,E30,Inti,2009,E302009,Lonsum,TM,TM,1574,9.94,158.3501006036217
479,Sedadung,6,E30,Inti,2020,E302020,Socfindo,TM,TM,5,0.03,166.66666666666669
480,Sedadung,6,E31,Inti,2009,E312009,Lonsum,TM,TM,2113,16.93,124.80803307737744
481,Sedadung,6,E31,Inti,2021,E312021,Socfindo,TBM 3,TBM,100,0.87,114.94252873563218
482,Sedadung,6,E31,Inti,2022,E312022,Lonsum,TBM 2,TBM,118,0.54,218.5185185185185
483,Sedadung,5,E32,Inti,2010,E322010,Socfindo,TM,TM,1066,7.19,148.2614742698192
484,Sedadung,5,E32,Inti,2021,E322021,Socfindo,TBM 3,TBM,80,0.75,106.66666666666669
485,Sedadung,5,E32,Inti,2022,E322022,Lonsum,TBM 2,TBM,578,3.96,145.95959595959596
486,Sedadung,5,E32,Inti,2023,E322023,Lonsum,TBM 1,TBM,639,4.29,148.95104895104896
487,Sedadung,5,E33,Inti,2010,E332010,Socfindo,TM,TM,3596,25.71,139.86775573706728
488,Sedadung,5,E33,Inti,2020,E332020,Socfindo,TM,TM,123,0.59,208.4745762711865
489,Sedadung,5,E33,Inti,2021,E332021,Lonsum,TBM 3,TBM,1246,8.93,139.5296752519597
490,Sedadung,5,E33,Inti,2022,E332022,Lonsum,TBM 2,TBM,116,0.75,154.66666666666666
491,Sedadung,5,E33,Inti,2023,E332023,Topaz,TBM 1,TBM,273,1.77,154.23728813559322
492,Sedadung,6,E34,Inti,2009,E342009,Socfindo,TM,TM,2202,16.56,132.97101449275362
493,Sedadung,6,E34,Inti,2020,E342020,Socfindo,TM,TM,122,0.4,305.0
494,Sedadung,6,E34,Inti,2021,E342021,Socfindo,TBM 3,TBM,1090,7.901022,137.95683647001616
495,Sedadung,6,E34,Inti,2022,E342022,Lonsum,TBM 2,TBM,642,4.4,145.9090909090909
496,Sedadung,6,E35,Inti,2010,E352010,Damimas,TM,TM,2552,19.19,132.98593017196455
497,Sedadung,6,E35,Inti,2020,E352020,Socfindo,TM,TM,202,0.8099999999999999,249.38271604938276
498,Sedadung,6,E35,Inti,2021,E352021,Socfindo,TBM 3,TBM,1729,13.169999999999998,131.28321943811696
499,Sedadung,6,E35,Inti,2022,E352022,Lonsum,TBM 2,TBM,643,4.220000000000001,152.36966824644549
500,Sedadung,6,E35,Inti,2023,E352023,Lonsum,TBM 1,TBM,244,1.83,133.33333333333331
501,Sedadung,6,E36,Inti,2009,E362009,Lonsum,TM,TM,1323,11.93,110.89689857502096
502,Sedadung,6,E36,Inti,2020,E362020,Socfindo,TM,TM,177,0.99,178.78787878787878
503,Sedadung,6,E36,Inti,2021,E362021,Socfindo,TBM 3,TBM,1676,12.1,138.51239669421489
504,Sedadung,6,E36,Inti,2022,E362022,Lonsum,TBM 2,TBM,394,2.58,152.71317829457365
505,Sedadung,6,E36,Inti,2023,E362023,Lonsum,TBM 1,TBM,6,0.05,120.0
506,Sedadung,6,E37,Plasma,2011,E372011,Damimas,TM,TM,686,6.79,101.03092783505154
507,Sedadung,6,E37,Plasma,2020,E372020,Socfindo,TM,TM,688,5.359999999999999,128.3582089552239
508,Sedadung,6,E37,Plasma,2021,E372021,Socfindo,TBM 3,TBM,2000,14.87,134.49899125756556
509,Sedadung,6,E37,Plasma,2022,E372022,Lonsum,TBM 2,TBM,3239,23.42,138.30059777967548
510,Sedadung,6,E37,Plasma,2023,E372023,Lonsum,TBM 1,TBM,94,0.5900000000000001,159.32203389830505
511,Sedadung,6,E38,Inti,2021,E382021,Socfindo,TBM 3,TBM,1424,9.81,145.158002038736
512,Sedadung,6,E38,Inti,2022,E382022,Lonsum,TBM 2,TBM,301,1.95,154.35897435897436
513,Tugang,1,F01,Plasma,2010,F012010,Socfindo,TM,TM,928,11.75,78.97872340425532
514,Tugang,1,F01,Plasma,2021,F012021,Socfindo,TBM 3,TBM,114,0.8300000000000001,137.34939759036143
515,Tugang,1,F01,Plasma,2022,F012022,Socfindo,TBM 2,TBM,565,0.94,601.0638297872341
516,Tugang,1,F02,Plasma,2010,F022010,Socfindo,TM,TM,1690,17.12,98.71495327102804
517,Tugang,1,F02,Plasma,2021,F022021,Socfindo,TBM 3,TBM,113,0.81,139.50617283950618
518,Tugang,1,F02,Plasma,2022,F022022,Socfindo,TBM 2,TBM,355,2.21,160.63348416289594
519,Tugang,1,F02,Plasma,2023,F022023,Sriwijaya,TBM 1,TBM,130,0.0,0.0
520,Tugang,1,F03,Plasma,2010,F032010,Lonsum,TM,TM,1728,18.450000000000003,93.65853658536584
521,Tugang,1,F03,Plasma,2021,F032021,Lonsum,TBM 3,TBM,330,2.33,141.63090128755366
522,Tugang,1,F03,Plasma,2022,F032022,Socfindo,TBM 2,TBM,162,0.77,210.3896103896104
523,Tugang,1,F03,Plasma,2023,F032023,Lonsum,TBM 1,TBM,3044,17.7,171.9774011299435
524,Tugang,1,F04,Plasma,2009,F042009,Lonsum,TM,TM,2981,23.8,125.25210084033613
525,Tugang,1,F04,Plasma,2021,F042021,Lonsum,TBM 3,TBM,241,1.77,136.1581920903955
526,Tugang,1,F04,Plasma,2023,F042023,Sriwijaya,TBM 1,TBM,130,0.0,0.0
527,Tugang,1,F05,Plasma,2009,F052009,Lonsum,TM,TM,992,9.25,107.24324324324324
528,Tugang,1,F05,Plasma,2021,F052021,Lonsum,TBM 3,TBM,78,0.52,150.0
529,Tugang,1,F05,Plasma,2022,F052022,Socfindo,TBM 2,TBM,276,1.3099999999999998,210.6870229007634
530,Tugang,1,F05,Plasma,2023,F052023,Sriwijaya,TBM 1,TBM,762,5.050000000000001,150.89108910891088
531,Tugang,1,F06,Inti,2008,F062008,Lonsum,TM,TM,2757,23.82,115.74307304785894
532,Tugang,1,F06,Inti,2021,F062021,Lonsum,TBM 3,TBM,418,3.01,138.8704318936877
533,Tugang,1,F06,Inti,2023,F062023,Sriwijaya,TBM 1,TBM,143,0.4599999999999999,310.8695652173913
534,Tugang,1,F07,Plasma,2009,F072009,Lonsum,TM,TM,2475,20.05,123.44139650872818
535,Tugang,1,F07,Plasma,2021,F072021,Lonsum,TBM 3,TBM,173,1.33,130.0751879699248
536,Tugang,1,F07,Plasma,2022,F072022,Socfindo,TBM 2,TBM,1940,14.11,137.49114103472715
537,Tugang,1,F07,Plasma,2023,F072023,Lonsum,TBM 1,TBM,59,0.1200000000000001,491.666666666666
538,Tugang,2,F08,Plasma,2009,F082009,Lonsum,TM,TM,896,7.43,120.59219380888293
539,Tugang,2,F08,Plasma,2022,F082022,Socfindo,TBM 2,TBM,262,1.99,131.65829145728642
540,Tugang,2,F08,Plasma,2023,F082023,Topaz,TBM 1,TBM,628,4.300000000000001,146.04651162790697
541,Tugang,1,F09,Inti,2009,F092009,Lonsum,TM,TM,2527,19.63,128.73153336729496
542,Tugang,1,F09,Inti,2021,F092021,Lonsum,TBM 3,TBM,111,1.07,103.73831775700934
543,Tugang,1,F10,Plasma,2009,F102009,Lonsum,TM,TM,2814,23.58,119.33842239185752
544,Tugang,2,F11,Plasma,2009,F112009,Lonsum,TM,TM,2783,23.31,119.3908193908194
545,Tugang,2,F11,Plasma,2022,F112022,Socfindo,TBM 2,TBM,56,0.43,130.2325581395349
546,Tugang,2,F11,Plasma,2023,F112023,Sriwijaya,TBM 1,TBM,10,0.11,90.9090909090909
547,Tugang,1,F12,Inti,2008,F122008,Lonsum,TM,TM,1372,10.46,131.16634799235183
548,Tugang,1,F12,Inti,2021,F122021,Lonsum,TBM 3,TBM,59,0.39,151.28205128205127
549,Tugang,1,F13,Inti,2009,F132009,Lonsum,TM,TM,2926,22.46,130.2760463045414
550,Tugang,1,F13,Inti,2022,F132022,Socfindo,TBM 2,TBM,123,0.69,178.2608695652174
551,Tugang,2,F14,Inti,2009,F142009,Lonsum,TM,TM,3908,33.41,116.97096677641426
552,Tugang,2,F14,Inti,2022,F142022,Lonsum,TBM 2,TBM,701,5.18,135.32818532818533
553,Tugang,2,F14,Inti,2023,F142023,Sriwijaya,TBM 1,TBM,267,0.99,269.6969696969697
554,Tugang,1,F15,Inti,2009,F152009,Lonsum,TM,TM,1844,13.670000000000002,134.89392831016823
555,Tugang,1,F15,Inti,2020,F152020,Socfindo,TM,TM,27,0.04,675.0
556,Tugang,1,F16,Inti,2009,F162009,Lonsum,TM,TM,471,3.51,134.18803418803418
557,Tugang,1,F16,Inti,2021,F162021,Socfindo,TBM 3,TBM,116,0.89,130.3370786516854
558,Tugang,1,F17,Inti,2010,F172010,Socfindo,TM,TM,1243,8.72,142.545871559633
559,Tugang,1,F17,Inti,2020,F172020,Socfindo,TM,TM,36,0.13,276.9230769230769
560,Tugang,1,F17,Inti,2021,F172021,Lonsum,TBM 3,TBM,137,1.02,134.31372549019608
561,Tugang,1,F17,Inti,2022,F172022,Socfindo,TBM 2,TBM,193,1.41,136.87943262411346
562,Tugang,1,F17,Inti,2023,F172023,Sriwijaya,TBM 1,TBM,101,0.83,121.6867469879518
563,Tugang,1,F18,Inti,2010,F182010,Socfindo,TM,TM,3659,26.01,140.67666282199156
564,Tugang,1,F18,Inti,2020,F182020,Socfindo,TM,TM,39,0.27,144.44444444444443
565,Tugang,1,F18,Inti,2021,F182021,Socfindo,TBM 3,TBM,221,1.48,149.32432432432432
566,Tugang,1,F18,Inti,2022,F182022,Lonsum,TBM 2,TBM,191,1.35,141.48148148148147
567,Tugang,1,F19,Inti,2014,F192014,Lonsum,TM,TM,0,0.0,0.0
568,Tugang,1,F19,Inti,2021,F192021,Lonsum,TBM 3,TBM,219,1.34,163.43283582089552
569,Tugang,1,F19,Inti,2022,F192022,Lonsum,TBM 2,TBM,691,5.19,133.14065510597302
570,Tugang,1,F19,Inti,2023,F192023,Sriwijaya,TBM 1,TBM,183,1.56,117.3076923076923
571,Tugang,2,F21,Inti,2010,F212010,Damimas,TM,TM,363,3.8,95.52631578947368
572,Tugang,2,F21,Inti,2020,F212020,Socfindo,TM,TM,506,3.66,138.25136612021856
573,Tugang,2,F22,Inti,2010,F222010,Socfindo,TM,TM,1106,7.77,142.34234234234236
574,Tugang,2,F22,Inti,2020,F222020,Socfindo,TM,TM,2814,22.96,122.5609756097561
575,Tugang,2,F22,Inti,2021,F222021,Socfindo,TBM 3,TBM,929,7.799999999999999,119.10256410256412
576,Tugang,2,F22,Inti,2022,F222022,Socfindo,TBM 2,TBM,1805,14.57,123.8846945778998
577,Tugang,2,F22,Inti,2023,F222023,Lonsum,TBM 1,TBM,502,3.29,152.5835866261398
578,Tugang,2,F23,Plasma,2010,F232010,Lonsum,TM,TM,2368,18.29,129.4696555494806
579,Tugang,2,F23,Plasma,2020,F232020,Socfindo,TM,TM,230,2.48,92.74193548387098
580,Tugang,2,F23,Plasma,2021,F232021,Socfindo,TBM 3,TBM,79,0.54,146.29629629629628
581,Tugang,2,F23,Plasma,2022,F232022,Socfindo,TBM 2,TBM,103,0.81,127.16049382716048
582,Tugang,2,F23,Plasma,2023,F232023,Lonsum,TBM 1,TBM,1240,12.7,97.63779527559056
583,Tugang,2,F24,Plasma,2011,F242011,Damimas,TM,TM,2047,16.95,120.7669616519174
584,Tugang,2,F24,Plasma,2021,F242021,Socfindo,TBM 3,TBM,854,6.11,139.77086743044188
585,Tugang,2,F24,Plasma,2022,F242022,Socfindo,TBM 2,TBM,61,0.44,138.63636363636363
586,Tugang,2,F24,Plasma,2023,F242023,Lonsum,TBM 1,TBM,339,1.99,170.35175879396988
587,Tugang,1,F25,Inti,2010,F252010,Socfindo,TM,TM,3035,21.03,144.31764146457442
588,Tugang,1,F25,Inti,2020,F252020,Socfindo,TM,TM,131,0.64,204.6875
589,Tugang,1,F26,Inti,2009,F262009,Lonsum,TM,TM,2710,18.09,149.8065229408513
590,Tugang,1,F26,Inti,2020,F262020,Socfindo,TM,TM,372,2.94,126.53061224489797
591,Tugang,1,F26,Inti,2022,F262022,Sriwijaya,TBM 2,TBM,138,1.01,136.63366336633663
592,Tugang,1,F27,Inti,2009,F272009,Lonsum,TM,TM,2866,19.97,143.51527290936403
593,Tugang,1,F27,Inti,2020,F272020,Socfindo,TM,TM,260,1.34,194.02985074626864
594,Tugang,1,F27,Inti,2021,F272021,Socfindo,TBM 3,TBM,82,0.7,117.14285714285715
595,Tugang,1,F27,Inti,2022,F272022,Lonsum,TBM 2,TBM,1101,7.91,139.19089759797723
596,Tugang,1,F27,Inti,2023,F272023,Lonsum,TBM 1,TBM,304,2.38,127.7310924369748
597,Tugang,1,F28,Inti,2009,F282009,Lonsum,TM,TM,4981,35.8,139.13407821229052
598,Tugang,1,F28,Inti,2020,F282020,Socfindo,TM,TM,361,1.89,191.00529100529096
599,Tugang,1,F28,Inti,2021,F282021,Socfindo,TBM 3,TBM,54,0.25,216.0
600,Tugang,1,F28,Inti,2022,F282022,Sriwijaya,TBM 2,TBM,301,2.41,124.89626556016596
601,Tugang,1,F29,Inti,2009,F292009,Lonsum,TM,TM,1243,8.52,145.89201877934272
602,Tugang,1,F29,Inti,2020,F292020,Socfindo,TM,TM,254,1.81,140.3314917127072
603,Tugang,1,F29,Inti,2021,F292021,Lonsum,TBM 3,TBM,367,2.23,164.57399103139014
604,Tugang,1,F29,Inti,2022,F292022,Socfindo,TBM 2,TBM,516,3.78,136.5079365079365
605,Tugang,1,F29,Inti,2023,F292023,Lonsum,TBM 1,TBM,100,0.69,144.92753623188406
606,Tugang,1,F30,Inti,2021,F302021,Lonsum,TBM 3,TBM,679,4.8,141.45833333333334
607,Tugang,1,F30,Inti,2022,F302022,Socfindo,TBM 2,TBM,111,0.96,115.625
608,Tugang,1,F30,Inti,2023,F302023,Socfindo,TBM 1,TBM,516,3.29,156.838905775076
609,Tugang,2,F31,Inti,2010,F312010,Socfindo,TM,TM,3426,23.97,142.92866082603254
610,Tugang,2,F31,Inti,2020,F312020,Socfindo,TM,TM,1483,11.15,133.00448430493273
611,Tugang,2,F31,Inti,2021,F312021,Socfindo,TBM 3,TBM,694,5.16,134.49612403100775
612,Tugang,2,F31,Inti,2022,F312022,Lonsum,TBM 2,TBM,1817,13.77,131.95352214960056
613,Tugang,2,F32,Inti,2010,F322010,Lonsum,TM,TM,3906,30.32,128.8258575197889
614,Tugang,2,F32,Inti,2020,F322020,Socfindo,TM,TM,1229,8.73,140.77892325315003
615,Tugang,2,F32,Inti,2021,F322021,Socfindo,TBM 3,TBM,56,0.43,130.2325581395349
616,Tugang,2,F33,Plasma,2009,F332009,Lonsum,TM,TM,4278,31.680000000000003,135.03787878787878
617,Tugang,2,F33,Plasma,2020,F332020,Socfindo,TM,TM,483,3.0,161.0
618,Tugang,2,F33,Plasma,2021,F332021,Socfindo,TBM 3,TBM,25,0.2,125.0
619,Tugang,2,F33,Plasma,2022,F332022,Lonsum,TBM 2,TBM,18,0.15,120.0
620,Tugang,2,F33,Plasma,2023,F332023,Socfindo,TBM 1,TBM,119,0.37,321.6216216216216
621,Tugang,2,F34,Plasma,2009,F342009,Lonsum,TM,TM,1814,11.89,152.56518082422204
622,Tugang,2,F34,Plasma,2021,F342021,Socfindo,TBM 3,TBM,376,2.406768,156.22610903917618
623,Tugang,2,F34,Plasma,2022,F342022,Lonsum,TBM 2,TBM,24,0.21,114.28571428571428
624,Tugang,2,F35,Plasma,2010,F352010,Lonsum,TM,TM,1746,13.04,133.8957055214724
625,Tugang,2,F35,Plasma,2021,F352021,Socfindo,TBM 3,TBM,368,2.88,127.7777777777778
626,Tugang,2,F35,Plasma,2022,F352022,Socfindo,TBM 2,TBM,1034,7.72,133.9378238341969
627,Tugang,2,F35,Plasma,2023,F352023,Sriwijaya,TBM 1,TBM,746,5.51,135.39019963702358
628,Tugang,2,F37,Inti,2009,F372009,Lonsum,TM,TM,4148,29.51,140.56252117926127
629,Tugang,2,F37,Inti,2020,F372020,Socfindo,TM,TM,563,3.42,164.6198830409357
630,Tugang,2,F37,Inti,2021,F372021,Socfindo,TBM 3,TBM,458,3.06,149.67320261437908
631,Tugang,2,F37,Inti,2022,F372022,Socfindo,TBM 2,TBM,214,1.64,130.48780487804876
632,Tugang,2,F37,Inti,2023,F372023,Socfindo,TBM 1,TBM,117,0.97,120.61855670103093
633,Tugang,2,F38,Inti,2009,F382009,Lonsum,TM,TM,2107,15.69,134.289356277884
634,Tugang,2,F38,Inti,2020,F382020,Socfindo,TM,TM,56,0.21,266.6666666666667
635,Tugang,3,G01,Inti,2010,G012010,Lonsum,TM,TM,3585,27.64,129.70332850940665
636,Tugang,3,G01,Inti,2020,G012020,Socfindo,TM,TM,267,1.17,228.20512820512823
637,Tugang,3,G01,Inti,2021,G012021,Socfindo,TBM 3,TBM,150,1.09,137.61467889908258
638,Tugang,3,G01,Inti,2022,G012022,Socfindo,TBM 2,TBM,57,0.31,183.8709677419355
639,Tugang,3,G01,Inti,2023,G012023,Socfindo,TBM 1,TBM,1275,8.82,144.5578231292517
640,Tugang,3,G02,Inti,2009,G022009,Lonsum,TM,TM,3078,22.55,136.49667405764967
641,Tugang,3,G02,Inti,2020,G022020,Socfindo,TM,TM,761,5.56,136.8705035971223
642,Tugang,3,G02,Inti,2021,G022021,Socfindo,TBM 3,TBM,58,0.33,175.75757575757575
643,Tugang,3,G02,Inti,2022,G022022,Socfindo,TBM 2,TBM,473,4.0,118.25
644,Tugang,3,G02,Inti,2023,G022023,Socfindo,TBM 1,TBM,88,0.75,117.33333333333331
645,Tugang,3,G03,Inti,2009,G032009,Lonsum,TM,TM,3633,27.42,132.4945295404814
646,Tugang,3,G03,Inti,2020,G032020,Socfindo,TM,TM,395,3.02,130.79470198675497
647,Tugang,3,G03,Inti,2021,G032021,Socfindo,TBM 3,TBM,1092,6.859999999999999,159.18367346938777
648,Tugang,3,G03,Inti,2022,G032022,Sriwijaya,TBM 2,TBM,103,0.52,198.07692307692307
649,Tugang,3,G04,Inti,2010,G042010,Lonsum,TM,TM,1945,14.73,132.04344874405973
650,Tugang,3,G04,Inti,2020,G042020,Socfindo,TM,TM,200,1.19,168.0672268907563
651,Tugang,3,G05,Inti,2009,G052009,Lonsum,TM,TM,1074,7.52,142.81914893617022
652,Tugang,3,G05,Inti,2020,G052020,Socfindo,TM,TM,32,0.11,290.90909090909093
653,Tugang,3,G06,Inti,2009,G062009,Lonsum,TM,TM,3229,24.17,133.59536615639223
654,Tugang,3,G06,Inti,2020,G062020,Socfindo,TM,TM,254,0.73,347.94520547945206
655,Tugang,3,G06,Inti,2021,G062021,Socfindo,TBM 3,TBM,60,0.46,130.43478260869566
656,Tugang,3,G07,Inti,2009,G072009,Lonsum,TM,TM,4753,31.03,153.1743474057364
657,Tugang,3,G07,Inti,2020,G072020,Socfindo,TM,TM,360,1.22,295.08196721311475
658,Tugang,3,G07,Inti,2021,G072021,Socfindo,TBM 3,TBM,200,1.36,147.05882352941177
659,Tugang,3,G07,Inti,2022,G072022,Sriwijaya,TBM 2,TBM,41,0.33,124.24242424242424
660,Tugang,3,G07,Inti,2023,G072023,Socfindo,TBM 1,TBM,401,2.83,141.69611307420493
661,Tugang,3,G08,Inti,2009,G082009,Lonsum,TM,TM,2327,17.23,135.0551363900174
662,Tugang,3,G08,Inti,2021,G082021,Socfindo,TBM 3,TBM,1037,7.34,141.28065395095368
663,Tugang,3,G08,Inti,2023,G082023,Lonsum,TBM 1,TBM,143,1.03,138.83495145631068
664,Tugang,3,G09,Inti,2009,G092009,Lonsum,TM,TM,5192,38.77,133.91797781790046
665,Tugang,3,G09,Inti,2020,G092020,Socfindo,TM,TM,194,0.61,318.0327868852459
666,Tugang,3,G09,Inti,2021,G092021,Lonsum,TBM 3,TBM,1023,7.399999999999999,138.24324324324326
667,Tugang,3,G09,Inti,2022,G092022,Sriwijaya,TBM 2,TBM,458,3.64,125.82417582417582
668,Tugang,3,G10,Inti,2010,G102010,Socfindo,TM,TM,3984,25.45,156.54223968565816
669,Tugang,3,G10,Inti,2020,G102020,Socfindo,TM,TM,109,0.71,153.5211267605634
670,Tugang,3,G11,Inti,2009,G112009,Lonsum,TM,TM,5257,32.13999999999999,163.56565028002493
671,Tugang,3,G11,Inti,2020,G112020,Socfindo,TM,TM,193,0.68,283.8235294117647
672,Tugang,3,G11,Inti,2021,G112021,Lonsum,TBM 3,TBM,1614,11.05,146.0633484162896
673,Tugang,3,G11,Inti,2022,G112022,Socfindo,TBM 2,TBM,115,0.9,127.77777777777776
674,Tugang,3,G11,Inti,2023,G112023,Socfindo,TBM 1,TBM,16,0.1,160.0
675,Tugang,3,G12,Inti,2010,G122010,Socfindo,TM,TM,3001,22.03,136.2233318202451
676,Tugang,3,G12,Inti,2020,G122020,Socfindo,TM,TM,275,1.5200000000000002,180.92105263157893
677,Tugang,3,G12,Inti,2021,G122021,Socfindo,TBM 3,TBM,370,2.75,134.54545454545453
678,Tugang,3,G12,Inti,2022,G122022,Lonsum,TBM 2,TBM,736,5.72,128.67132867132867
679,Tugang,4,G13,Inti,2010,G132010,Socfindo,TM,TM,2426,20.55,118.05352798053528
680,Tugang,4,G13,Inti,2021,G132021,Socfindo,TBM 3,TBM,965,6.78,142.33038348082596
681,Tugang,4,G13,Inti,2022,G132022,Socfindo,TBM 2,TBM,1391,10.71,129.8786181139122
682,Tugang,4,G15,Inti,2010,G152010,Lonsum,TM,TM,3475,24.005314685314683,144.759610342698
683,Tugang,4,G15,Inti,2020,G152020,Socfindo,TM,TM,314,1.8846853146853144,166.60606285481057
684,Tugang,4,G15,Inti,2021,G152021,Socfindo,TBM 3,TBM,736,4.93,149.290060851927
685,Tugang,4,G15,Inti,2022,G152022,Sriwijaya,TBM 2,TBM,225,1.78,126.40449438202246
686,Tugang,4,G15,Inti,2023,G152023,Socfindo,TBM 1,TBM,63,0.46,136.95652173913044
687,Tugang,4,G16,Inti,2009,G162009,Lonsum,TM,TM,2589,18.68,138.59743040685223
688,Tugang,4,G16,Inti,2020,G162020,Socfindo,TM,TM,150,0.9,166.66666666666666
689,Tugang,4,G16,Inti,2021,G162021,Socfindo,TBM 3,TBM,1078,7.312004000000001,147.4288033759281
690,Tugang,4,G16,Inti,2022,G162022,Sriwijaya,TBM 2,TBM,157,1.2100000000000002,129.75206611570246
691,Tugang,4,G16,Inti,2023,G162023,Socfindo,TBM 1,TBM,259,1.97,131.47208121827413
692,Tugang,4,G17,Plasma,2011,G172011,Damimas,TM,TM,1395,10.805944055944057,129.09561559618183
693,Tugang,4,G17,Plasma,2020,G172020,Socfindo,TM,TM,357,2.754055944055944,129.62699641977505
694,Tugang,4,G17,Plasma,2021,G172021,Socfindo,TBM 3,TBM,1381,10.33,133.68828654404646
695,Tugang,4,G17,Plasma,2022,G172022,Socfindo,TBM 2,TBM,1048,7.91,132.4905183312263
696,Tugang,4,G17,Plasma,2023,G172023,Socfindo,TBM 1,TBM,341,2.57,132.68482490272373
697,Tugang,4,G18,Inti,2010,G182010,Socfindo,TM,TM,2282,16.97,134.4725987035946
698,Tugang,4,G18,Inti,2020,G182020,Socfindo,TM,TM,292,0.84,347.61904761904765
699,Tugang,4,G18,Inti,2021,G182021,Socfindo,TBM 3,TBM,684,4.3500000000000005,157.2413793103448
700,Tugang,4,G18,Inti,2022,G182022,Socfindo,TBM 2,TBM,143,1.01,141.5841584158416
701,Tugang,4,G19,Inti,2009,G192009,Lonsum,TM,TM,2443,17.45,140.0
702,Tugang,4,G19,Inti,2020,G192020,Socfindo,TM,TM,168,0.5900000000000001,284.7457627118644
703,Tugang,4,G19,Inti,2021,G192021,Socfindo,TBM 3,TBM,1182,8.239999999999998,143.4466019417476
704,Tugang,4,G19,Inti,2022,G192022,Lonsum,TBM 2,TBM,270,1.92,140.625
705,Tugang,4,G20,Plasma,2011,G202011,Damimas,TM,TM,1637,15.973496503496502,102.48225863646512
706,Tugang,4,G20,Plasma,2020,G202020,Socfindo,TM,TM,1421,11.576503496503497,122.74863480404
707,Tugang,4,G20,Plasma,2021,G202021,Socfindo,TBM 3,TBM,2144,17.119999999999997,125.2336448598131
708,Tugang,4,G20,Plasma,2022,G202022,Socfindo,TBM 2,TBM,1702,10.74,158.4729981378026
709,Tugang,4,G20,Plasma,2023,G202023,Socfindo,TBM 1,TBM,271,1.96,138.26530612244898
710,Tugang,4,G21,Plasma,2010,G212010,Lonsum,TM,TM,111,1.56,71.15384615384615
711,Tugang,4,G21,Plasma,2021,G212021,Socfindo,TBM 3,TBM,103,0.79,130.37974683544303
712,Tugang,4,G21,Plasma,2022,G212022,Socfindo,TBM 2,TBM,360,2.45,146.93877551020407
713,Tugang,4,G22,Inti,2010,G222010,Socfindo,TM,TM,2055,15.37,133.70201691607028
714,Tugang,4,G22,Inti,2020,G222020,Socfindo,TM,TM,297,1.53,194.11764705882356
715,Tugang,4,G23,Inti,2010,G232010,Socfindo,TM,TM,3579,27.35,130.85923217550274
716,Tugang,4,G23,Inti,2020,G232020,Socfindo,TM,TM,403,2.08,193.75
717,Tugang,4,G23,Inti,2021,G232021,Socfindo,TBM 3,TBM,10,0.12,83.33333333333334
718,Tugang,4,G23,Inti,2022,G232022,Socfindo,TBM 2,TBM,157,1.26,124.6031746031746
719,Tugang,4,G24,Inti,2009,G242009,Lonsum,TM,TM,4226,25.03,168.837395125849
720,Tugang,4,G24,Inti,2020,G242020,Socfindo,TM,TM,694,3.96,175.25252525252523
721,Tugang,4,G24,Inti,2021,G242021,Socfindo,TBM 3,TBM,1619,12.224132,132.4429415520055
722,Tugang,4,G24,Inti,2022,G242022,Socfindo,TBM 2,TBM,147,1.13,130.08849557522126
723,Tugang,4,G28,Inti,2010,G282010,Lonsum,TM,TM,1362,9.27,146.92556634304208
724,Tugang,4,G28,Inti,2021,G282021,Socfindo,TBM 3,TBM,2243,17.36,129.20506912442397
725,Tugang,4,G28,Inti,2022,G282022,Socfindo,TBM 2,TBM,1097,8.27,132.64812575574365
726,Tugang,5,H01,Plasma,2010,H012010,Socfindo,TM,TM,1127,8.76,128.65296803652967
727,Tugang,5,H01,Plasma,2020,H012020,Socfindo,TM,TM,70,0.38,184.21052631578948
728,Tugang,5,H01,Plasma,2021,H012021,Socfindo,TBM 3,TBM,805,5.629999999999999,142.9840142095915
729,Tugang,5,H01,Plasma,2022,H012022,Socfindo,TBM 2,TBM,438,3.37,129.97032640949556
730,Tugang,5,H02,Plasma,2010,H022010,Damimas,TM,TM,2090,15.34,136.245110821382
731,Tugang,5,H02,Plasma,2020,H022020,Socfindo,TM,TM,48,0.15,320.0
732,Tugang,5,H02,Plasma,2021,H022021,Socfindo,TBM 3,TBM,79,0.66,119.69696969696967
733,Tugang,5,H02,Plasma,2022,H022022,Socfindo,TBM 2,TBM,82,0.59,138.98305084745763
734,Tugang,5,H02,Plasma,2023,H022023,Lonsum,TBM 1,TBM,1447,10.75,134.6046511627907
735,Tugang,5,H03,Plasma,2009,H032009,Damimas,TM,TM,1154,9.35,123.42245989304811
736,Tugang,5,H03,Plasma,2020,H032020,Socfindo,TM,TM,0,0.0,0.0
737,Tugang,5,H03,Plasma,2021,H032021,Socfindo,TBM 3,TBM,257,1.89,135.97883597883597
738,Tugang,5,H03,Plasma,2022,H032022,Socfindo,TBM 2,TBM,104,0.71,146.47887323943664
739,Tugang,5,H04,Inti,2009,H042009,Lonsum,TM,TM,1244,9.24,134.63203463203462
740,Tugang,5,H04,Inti,2020,H042020,Socfindo,TM,TM,44,0.19,231.57894736842104
741,Tugang,5,H05,Inti,2010,H052010,Socfindo,TM,TM,1551,11.7,132.56410256410254
742,Tugang,5,H05,Inti,2020,H052020,Socfindo,TM,TM,31,0.19,163.1578947368421
743,Tugang,5,H05,Inti,2022,H052022,Lonsum,TBM 2,TBM,208,1.63,127.60736196319016
744,Tugang,5,H06,Inti,2009,H062009,Damimas,TM,TM,2846,20.93,135.97706641184902
745,Tugang,5,H06,Inti,2020,H062020,Socfindo,TM,TM,28,0.17,164.70588235294116
746,Tugang,5,H07,Inti,2009,H072009,Lonsum,TM,TM,2759,20.43,135.04650024473813
747,Tugang,5,H07,Inti,2020,H072020,Socfindo,TM,TM,45,0.12,375.0
748,Tugang,5,H07,Inti,2021,H072021,Socfindo,TBM 3,TBM,263,2.07,127.05314009661836
749,Tugang,5,H07,Inti,2022,H072022,Socfindo,TBM 2,TBM,215,1.28,167.96875
750,Tugang,5,H08,Plasma,2009,H082009,Lonsum,TM,TM,2289,17.35,131.9308357348703
751,Tugang,5,H08,Plasma,2020,H082020,Socfindo,TM,TM,98,0.52,188.46153846153845
752,Tugang,5,H09,Plasma,2009,H092009,Socfindo,TM,TM,3244,25.42,127.61605035405192
753,Tugang,5,H09,Plasma,2020,H092020,Socfindo,TM,TM,140,0.59,237.28813559322035
754,Tugang,5,H09,Plasma,2021,H092021,Socfindo,TBM 3,TBM,292,2.14,136.4485981308411
755,Tugang,5,H09,Plasma,2022,H092022,Lonsum,TBM 2,TBM,1248,8.8,141.8181818181818
756,Tugang,5,H09,Plasma,2023,H092023,Lonsum,TBM 1,TBM,1231,8.38,146.89737470167063
757,Tugang,5,H10,Inti,2009,H102009,Damimas,TM,TM,1729,13.02,132.7956989247312
758,Tugang,5,H10,Inti,2020,H102020,Socfindo,TM,TM,18,0.21,85.71428571428572
759,Tugang,5,H10,Inti,2023,H102023,Lonsum,TBM 1,TBM,175,1.3,134.6153846153846
760,Tugang,5,H11,Inti,2009,H112009,Lonsum,TM,TM,2021,19.0,106.36842105263158
761,Tugang,5,H11,Inti,2020,H112020,Lonsum,TM,TM,561,3.36,166.96428571428572
762,Tugang,5,H11,Inti,2021,H112021,Socfindo,TBM 3,TBM,423,3.2,132.1875
763,Tugang,5,H11,Inti,2022,H112022,Lonsum,TBM 2,TBM,253,1.87,135.2941176470588
764,Tugang,5,H12,Inti,2009,H122009,Damimas,TM,TM,2193,15.3,143.33333333333331
765,Tugang,5,H12,Inti,2020,H122020,Socfindo,TM,TM,504,3.12,161.53846153846152
766,Tugang,5,H12,Inti,2021,H122021,Socfindo,TBM 3,TBM,406,2.9,140.0
767,Tugang,5,H12,Inti,2022,H122022,Socfindo,TBM 2,TBM,55,0.39,141.02564102564102
768,Tugang,5,H13,Inti,2010,H132010,Lonsum,TM,TM,812,7.040000000000001,115.34090909090908
769,Tugang,5,H13,Inti,2020,H132020,Socfindo,TM,TM,63,0.69,91.30434782608695
770,Tugang,5,H13,Inti,2022,H132022,Lonsum,TBM 2,TBM,415,2.99,138.79598662207357
771,Tugang,5,H14,Inti,2010,H142010,Socfindo,TM,TM,2395,19.5,122.82051282051282
772,Tugang,5,H14,Inti,2020,H142020,Lonsum,TM,TM,442,2.95,149.83050847457625
773,Tugang,5,H14,Inti,2021,H142021,Socfindo,TBM 3,TBM,832,6.5,128.0
774,Tugang,5,H14,Inti,2022,H142022,Socfindo,TBM 2,TBM,181,1.31,138.1679389312977
775,Tugang,5,H15,Inti,2010,H152010,Socfindo,TM,TM,444,4.01,110.72319201995012
776,Tugang,5,H15,Inti,2020,H152020,Lonsum,TM,TM,50,0.29,172.41379310344828
777,Tugang,5,H15,Inti,2021,H152021,Socfindo,TBM 3,TBM,476,3.62,131.49171270718233
778,Tugang,5,H15,Inti,2022,H152022,Socfindo,TBM 2,TBM,302,2.16,139.8148148148148
779,Mulau,1,H17,Plasma,2009,H172009,Lonsum,TM,TM,2494,18.59,134.15814954276493
780,Mulau,1,H17,Plasma,2020,H172020,Socfindo,TM,TM,78,0.12,650.0
781,Mulau,1,H18,Plasma,2009,H182009,Lonsum,TM,TM,3149,23.14,136.0847018150389
782,Mulau,1,H18,Plasma,2020,H182020,Socfindo,TM,TM,91,0.15,606.6666666666667
783,Mulau,1,H19,Plasma,2009,H192009,Lonsum,TM,TM,2360,18.42,128.12160694896852
784,Mulau,1,H19,Plasma,2020,H192020,Socfindo,TM,TM,80,0.37,216.21621621621625
785,Mulau,1,H20,Inti,2009,H202009,Lonsum,TM,TM,2854,21.13,135.06862281116895
786,Mulau,1,H20,Inti,2020,H202020,Socfindo,TM,TM,159,0.89,178.65168539325842
787,Mulau,1,H21,Inti,2009,H212009,Lonsum,TM,TM,1951,17.490000000000002,111.54945683247568
788,Mulau,1,H21,Inti,2020,H212020,Socfindo,TM,TM,65,0.22,295.45454545454544
789,Mulau,1,H21,Inti,2021,H212021,Socfindo,TBM 3,TBM,524,3.65,143.56164383561642
790,Mulau,1,H21,Inti,2022,H212022,Socfindo,TBM 2,TBM,531,3.56,149.1573033707865
791,Mulau,1,H21,Inti,2023,H212023,Socfindo,TBM 1,TBM,29,0.18,161.11111111111111
792,Mulau,1,H23,Inti,2010,H232010,Socfindo,TM,TM,2987,22.56,132.40248226950357
793,Mulau,1,H23,Inti,2020,H232020,Socfindo,TM,TM,129,0.51,252.94117647058823
794,Mulau,1,H24,Inti,2010,H242010,Lonsum,TM,TM,1693,12.41,136.42224012892828
795,Mulau,1,H24,Inti,2020,H242020,Socfindo,TM,TM,78,0.42,185.7142857142857
796,Mulau,1,H25,Inti,2009,H252009,Lonsum,TM,TM,1321,9.88,133.70445344129553
797,Mulau,1,H25,Inti,2020,H252020,Socfindo,TM,TM,47,0.28,167.85714285714283
798,Mulau,1,H26,Plasma,2009,H262009,Lonsum,TM,TM,3840,27.67,138.77846042645464
799,Mulau,1,H26,Plasma,2020,H262020,Socfindo,TM,TM,169,0.48,352.08333333333337
800,Mulau,1,H27,Plasma,2009,H272009,Lonsum,TM,TM,1779,12.94,137.4806800618238
801,Mulau,1,H27,Plasma,2020,H272020,Socfindo,TM,TM,100,0.43,232.5581395348837
802,Mulau,1,H27,Plasma,2021,H272021,Lonsum,TBM 3,TBM,99,0.69,143.47826086956522
803,Mulau,1,H28,Plasma,2009,H282009,Lonsum,TM,TM,3196,24.31,131.46853146853147
804,Mulau,1,H28,Plasma,2020,H282020,Socfindo,TM,TM,53,0.17,311.7647058823529
805,Mulau,1,H28,Plasma,2021,H282021,Socfindo,TBM 3,TBM,40,0.27,148.14814814814815
806,Mulau,1,H29,Inti,2009,H292009,Damimas,TM,TM,1381,10.25,134.73170731707316
807,Mulau,1,H29,Inti,2020,H292020,Socfindo,TM,TM,33,0.08,412.5
808,Mulau,1,H30,Inti,2010,H302010,Socfindo,TM,TM,2872,21.84,131.5018315018315
809,Mulau,1,H30,Inti,2020,H302020,Socfindo,TM,TM,160,0.8,200.0
810,Mulau,1,H30,Inti,2022,H302022,Socfindo,TBM 2,TBM,57,0.42,135.71428571428572
811,Mulau,1,H31,Inti,2010,H312010,Damimas,TM,TM,1507,11.82,127.49576988155668
812,Mulau,1,H31,Inti,2020,H312020,Socfindo,TM,TM,87,0.31,280.64516129032256
813,Mulau,1,H31,Inti,2022,H312022,Lonsum,TBM 2,TBM,222,1.37,162.04379562043795
814,Mulau,1,H31,Inti,2023,H312023,Sriwijaya,TBM 1,TBM,659,4.68,140.81196581196582
815,Mulau,1,H32,Inti,2010,H322010,Socfindo,TM,TM,3834,30.57,125.4170755642787
816,Mulau,1,H32,Inti,2020,H322020,Socfindo,TM,TM,505,3.5,144.28571428571428
817,Mulau,1,H32,Inti,2021,H322021,Socfindo,TBM 3,TBM,795,6.23,127.60834670947033
818,Mulau,1,H32,Inti,2022,H322022,Socfindo,TBM 2,TBM,681,4.93,138.13387423935092
819,Mulau,1,H32,Inti,2023,H322023,Sriwijaya,TBM 1,TBM,722,5.2,138.84615384615384
820,Mulau,1,H33,Inti,2010,H332010,Lonsum,TM,TM,3870,31.52,122.7791878172589
821,Mulau,1,H33,Inti,2020,H332020,Socfindo,TM,TM,283,1.61,175.77639751552798
822,Mulau,1,H33,Inti,2021,H332021,Socfindo,TBM 3,TBM,438,3.15,139.0476190476191
823,Mulau,1,H33,Inti,2022,H332022,Socfindo,TBM 2,TBM,573,3.89,147.30077120822622
824,Mulau,1,H33,Inti,2023,H332023,Topaz,TBM 1,TBM,111,0.86,129.06976744186048
825,Mulau,1,H34,Inti,2010,H342010,Lonsum,TM,TM,2657,19.96,133.11623246492985
826,Mulau,1,H34,Inti,2020,H342020,Socfindo,TM,TM,408,1.56,261.53846153846155
827,Mulau,1,H38,Plasma,2013,H382013,Lonsum,TM,TM,698,10.35,67.43961352657006
828,Mulau,1,H38,Plasma,2021,H382021,Lonsum,TBM 3,TBM,400,3.05,131.14754098360658
829,Mulau,1,H38,Plasma,2022,H382022,Lonsum,TBM 2,TBM,289,0.2499999999999999,1156.0000000000005
830,Mulau,1,H38,Plasma,2023,H382023,Lonsum,TBM 1,TBM,30,0.28,107.14285714285714
831,Mulau,1,H39,Plasma,2013,H392013,Lonsum,TM,TM,1074,9.57,112.2257053291536
832,Mulau,1,H39,Plasma,2020,H392020,Socfindo,TM,TM,281,2.66,105.6390977443609
833,Mulau,1,H39,Plasma,2022,H392022,Lonsum,TBM 2,TBM,235,1.64,143.29268292682926
834,Mulau,1,H40,Plasma,2013,H402013,Lonsum,TM,TM,1524,12.05,126.47302904564316
835,Mulau,1,H40,Plasma,2020,H402020,Socfindo,TM,TM,451,4.76,94.74789915966387
836,Mulau,1,H40,Plasma,2022,H402022,Socfindo,TBM 2,TBM,147,1.1,133.63636363636363
837,Mulau,1,H42,Plasma,2013,H422013,Lonsum,TM,TM,622,4.15,149.8795180722892
838,Mulau,1,H42,Plasma,2020,H422020,Socfindo,TM,TM,450,5.55,81.08108108108108
839,Mulau,1,H42,Plasma,2022,H422022,Socfindo,TBM 2,TBM,557,3.65,152.60273972602738
840,Mulau,1,H42,Plasma,2023,H422023,Socfindo,TBM 1,TBM,56,0.42,133.33333333333331
841,Mulau,1,H43,Plasma,2022,H432022,Socfindo,TBM 2,TBM,488,3.53,138.24362606232296
842,Mulau,1,H43,Plasma,2023,H432023,Socfindo,TBM 1,TBM,204,1.41,144.6808510638298
843,Mulau,1,H44,Plasma,2013,H442013,Lonsum,TM,TM,450,3.84,117.1875
844,Mulau,1,H44,Plasma,2020,H442020,Socfindo,TM,TM,51,0.55,92.72727272727272
845,Mulau,1,H45,Plasma,2013,H452013,Lonsum,TM,TM,735,5.609999999999999,131.01604278074868
846,Mulau,1,H45,Plasma,2020,H452020,Socfindo,TM,TM,574,5.49,104.55373406193078
847,Mulau,1,H46,Plasma,2013,H462013,Lonsum,TM,TM,83,4.42,18.778280542986423
848,Mulau,1,H46,Plasma,2020,H462020,Socfindo,TM,TM,892,6.75,132.14814814814815
849,Mulau,1,H46,Plasma,2022,H462022,Lonsum,TBM 2,TBM,2121,10.500000000000002,202.0
850,Mulau,1,H47,Plasma,2013,H472013,Lonsum,TM,TM,2,2.21,0.9049773755656108
851,Mulau,1,H47,Plasma,2020,H472020,Socfindo,TM,TM,469,3.95,118.73417721518987
852,Mulau,1,H47,Plasma,2022,H472022,Lonsum,TBM 2,TBM,1238,6.06,204.2904290429043
853,Mulau,1,H48,Plasma,2022,H482022,Lonsum,TBM 2,TBM,224,1.82,123.07692307692308
854,Mulau,2,I01,Inti,2011,I012011,Damimas,TM,TM,1671,15.62,106.97823303457106
855,Mulau,2,I01,Inti,2020,I012020,Socfindo,TM,TM,416,2.6500000000000004,156.98113207547166
856,Mulau,2,I01,Inti,2021,I012021,Socfindo,TBM 3,TBM,3950,30.36,130.10540184453228
857,Mulau,2,I01,Inti,2022,I012022,Socfindo,TBM 2,TBM,1887,13.29,141.9864559819413
858,Mulau,2,I01,Inti,2023,I012023,Socfindo,TBM 1,TBM,3300,25.23,130.79667063020213
859,Mulau,2,I02,Inti,2011,I022011,Lonsum,TM,TM,1958,15.8,123.9240506329114
860,Mulau,2,I02,Inti,2020,I022020,Socfindo,TM,TM,169,1.0,169.0
861,Mulau,2,I02,Inti,2021,I022021,Socfindo,TBM 3,TBM,239,1.74,137.35632183908046
862,Mulau,2,I02,Inti,2022,I022022,Lonsum,TBM 2,TBM,217,1.48,146.6216216216216
863,Mulau,2,I02,Inti,2023,I022023,Topaz,TBM 1,TBM,194,1.0,194.0
864,Mulau,2,I03,Inti,2011,I032011,Damimas,TM,TM,1558,12.0,129.83333333333334
865,Mulau,2,I03,Inti,2020,I032020,Socfindo,TM,TM,220,1.11,198.19819819819816
866,Mulau,2,I03,Inti,2022,I032022,Lonsum,TBM 2,TBM,116,0.85,136.47058823529412
867,Mulau,2,I03,Inti,2023,I032023,Topaz,TBM 1,TBM,431,4.65,92.68817204301077
868,Mulau,2,I04,Inti,2009,I042009,Damimas,TM,TM,2940,21.89,134.30790315212428
869,Mulau,2,I04,Inti,2020,I042020,Socfindo,TM,TM,77,0.26,296.15384615384613
870,Mulau,2,I04,Inti,2021,I042021,Socfindo,TBM 3,TBM,33,0.23,143.47826086956522
871,Mulau,2,I05,Plasma,2009,I052009,Socfindo,TM,TM,3131,23.2,134.95689655172413
872,Mulau,2,I05,Plasma,2020,I052020,Socfindo,TM,TM,112,0.82,136.58536585365854
873,Mulau,2,I05,Plasma,2021,I052021,Socfindo,TBM 3,TBM,87,0.63,138.0952380952381
874,Mulau,2,I06,Plasma,2009,I062009,Damimas,TM,TM,4324,31.82818181818182,135.8544457456228
875,Mulau,2,I06,Plasma,2020,I062020,Socfindo,TM,TM,229,1.461818181818182,156.6542288557214
876,Mulau,2,I06,Plasma,2021,I062021,Socfindo,TBM 3,TBM,30,0.21,142.85714285714286
877,Mulau,2,I06,Plasma,2023,I062023,Lonsum,TBM 1,TBM,127,0.98,129.59183673469389
878,Mulau,2,I07,Plasma,2011,I072011,Damimas,TM,TM,174,1.23,141.46341463414635
879,Mulau,2,I07,Plasma,2023,I072023,Lonsum,TBM 1,TBM,148,1.23,120.32520325203252
880,Mulau,2,I08,Inti,2010,I082010,Lonsum,TM,TM,1899,13.19,143.972706595906
881,Mulau,2,I08,Inti,2020,I082020,Socfindo,TM,TM,76,0.43,176.7441860465116
882,Mulau,2,I08,Inti,2021,I082021,Socfindo,TBM 3,TBM,240,1.82,131.86813186813183
883,Mulau,2,I08,Inti,2022,I082022,Lonsum,TBM 2,TBM,205,1.49,137.58389261744966
884,Mulau,2,I09,Inti,2010,I092010,Damimas,TM,TM,1782,13.52,131.80473372781066
885,Mulau,2,I09,Inti,2021,I092021,Socfindo,TBM 3,TBM,384,2.99,128.42809364548495
886,Mulau,2,I09,Inti,2022,I092022,Lonsum,TBM 2,TBM,293,1.38,212.31884057971013
887,Mulau,2,I09,Inti,2023,I092023,Lonsum,TBM 1,TBM,2,0.0,0.0
888,Mulau,2,I10,Inti,2010,I102010,Lonsum,TM,TM,830,6.1,136.06557377049182
889,Mulau,2,I10,Inti,2021,I102021,Socfindo,TBM 3,TBM,39,0.29,134.48275862068965
890,Mulau,2,I11,Inti,2010,I112010,Damimas,TM,TM,2669,19.51,136.80164018452078
891,Mulau,2,I11,Inti,2021,I112021,Socfindo,TBM 3,TBM,139,0.98,141.83673469387756
892,Mulau,2,I11,Inti,2023,I112023,Lonsum,TBM 1,TBM,55,0.0,0.0
893,Mulau,2,I12,Inti,2012,I122012,Damimas,TM,TM,2595,21.78,119.14600550964188
894,Mulau,2,I12,Inti,2020,I122020,Socfindo,TM,TM,943,6.05,155.86776859504133
895,Mulau,2,I12,Inti,2021,I122021,Socfindo,TBM 3,TBM,64,0.42,152.38095238095238
896,Mulau,2,I12,Inti,2022,I122022,Socfindo,TBM 2,TBM,698,3.76,185.6382978723404
897,Mulau,2,I12,Inti,2023,I122023,Lonsum,TBM 1,TBM,310,1.8,172.22222222222223
898,Mulau,2,I13,Inti,2012,I132012,Damimas,TM,TM,3363,27.71,121.36412847347528
899,Mulau,2,I13,Inti,2020,I132020,Socfindo,TM,TM,929,6.85,135.6204379562044
900,Mulau,2,I13,Inti,2021,I132021,Socfindo,TBM 3,TBM,2746,20.42,134.4760039177277
901,Mulau,2,I13,Inti,2022,I132022,Socfindo,TBM 2,TBM,1717,11.88,144.52861952861952
902,Mulau,2,I13,Inti,2023,I132023,Lonsum,TBM 1,TBM,26,0.0,0.0
903,Mulau,3,I14,Inti,2011,I142011,Socfindo,TM,TM,5104,38.61,132.1937321937322
904,Mulau,3,I14,Inti,2020,I142020,Socfindo,TM,TM,542,3.0000000000000004,180.66666666666663
905,Mulau,3,I14,Inti,2021,I142021,Socfindo,TBM 3,TBM,708,5.17,136.9439071566731
906,Mulau,3,I14,Inti,2022,I142022,Lonsum,TBM 2,TBM,194,1.33,145.86466165413532
907,Mulau,3,I14,Inti,2023,I142023,Lonsum,TBM 1,TBM,339,2.44,138.9344262295082
908,Mulau,3,I15,Inti,2011,I152011,Socfindo,TM,TM,3230,25.52,126.56739811912226
909,Mulau,3,I15,Inti,2020,I152020,Socfindo,TM,TM,578,3.54,163.27683615819208
910,Mulau,3,I15,Inti,2021,I152021,Socfindo,TBM 3,TBM,15,0.12,125.0
911,Mulau,3,I15,Inti,2022,I152022,Socfindo,TBM 2,TBM,280,1.91,146.59685863874347
912,Mulau,3,I16,Inti,2010,I162010,Socfindo,TM,TM,4992,37.0,134.9189189189189
913,Mulau,3,I16,Inti,2020,I162020,Socfindo,TM,TM,509,2.77,183.75451263537903
914,Mulau,3,I16,Inti,2022,I162022,Lonsum,TBM 2,TBM,420,2.57,163.4241245136187
915,Mulau,3,I16,Inti,2023,I162023,Lonsum,TBM 1,TBM,63,0.48,131.25
916,Mulau,2,I17,Inti,2011,I172011,Damimas,TM,TM,2999,24.47,122.55823457294645
917,Mulau,2,I17,Inti,2020,I172020,Lonsum,TM,TM,1150,8.27,139.05683192261185
918,Mulau,2,I17,Inti,2022,I172022,Lonsum,TBM 2,TBM,408,2.35,173.61702127659575
919,Mulau,2,I17,Inti,2023,I172023,Lonsum,TBM 1,TBM,388,2.47,157.08502024291496
920,Mulau,2,I18,Inti,2010,I182010,Damimas,TM,TM,2762,20.38,135.52502453385674
921,Mulau,2,I18,Inti,2020,I182020,Lonsum,TM,TM,556,3.73,149.06166219839142
922,Mulau,3,I19,Inti,2010,I192010,Socfindo,TM,TM,1780,12.73,139.82717989002356
923,Mulau,3,I19,Inti,2020,I192020,Socfindo,TM,TM,180,1.19,151.26050420168067
924,Mulau,3,I20,Plasma,2010,I202010,Socfindo,TM,TM,3825,29.6793006993007,128.87769960463132
925,Mulau,3,I20,Plasma,2020,I202020,Socfindo,TM,TM,617,4.310699300699301,143.1322291257726
926,Mulau,3,I20,Plasma,2021,I202021,Socfindo,TBM 3,TBM,70,0.53,132.0754716981132
927,Mulau,3,I20,Plasma,2022,I202022,Socfindo,TBM 2,TBM,904,5.91,152.9610829103215
928,Mulau,3,I20,Plasma,2023,I202023,Socfindo,TBM 1,TBM,113,0.85,132.94117647058823
929,Mulau,3,I21,Plasma,2010,I212010,Socfindo,TM,TM,3457,30.463216783216783,113.48112133399444
930,Mulau,3,I21,Plasma,2020,I212020,Socfindo,TM,TM,388,2.9867832167832167,129.90564491582964
931,Mulau,3,I21,Plasma,2021,I212021,Socfindo,TBM 3,TBM,161,1.35,119.25925925925924
932,Mulau,3,I21,Plasma,2022,I212022,Socfindo,TBM 2,TBM,341,1.47,231.97278911564624
933,Mulau,3,I22,Inti,2010,I222010,Socfindo,TM,TM,2270,18.34,123.773173391494
934,Mulau,3,I22,Inti,2020,I222020,Socfindo,TM,TM,166,0.42,395.2380952380952
935,Mulau,3,I22,Inti,2022,I222022,Socfindo,TBM 2,TBM,78,0.0,0.0
936,Mulau,3,I23,Inti,2010,I232010,Socfindo,TM,TM,1821,14.7,123.87755102040816
937,Mulau,3,I23,Inti,2020,I232020,Socfindo,TM,TM,108,0.44,245.45454545454547
938,Mulau,3,I23,Inti,2022,I232022,Socfindo,TBM 2,TBM,56,0.42,133.33333333333334
939,Mulau,3,I24,Inti,2011,I242011,Damimas,TM,TM,1442,11.19,128.8650580875782
940,Mulau,3,I24,Inti,2020,I242020,Socfindo,TM,TM,86,0.57,150.87719298245617
941,Mulau,3,I25,Inti,2011,I252011,Damimas,TM,TM,623,5.069999999999999,122.87968441814596
942,Mulau,3,I25,Inti,2020,I252020,Socfindo,TM,TM,36,0.03,1200.0
943,Mulau,3,I25,Inti,2021,I252021,Socfindo,TBM 3,TBM,274,2.16,126.85185185185183
944,Mulau,3,I26,Inti,2011,I262011,Damimas,TM,TM,1722,12.75,135.05882352941177
945,Mulau,3,I26,Inti,2020,I262020,Socfindo,TM,TM,136,0.61,222.9508196721312
946,Mulau,3,I26,Inti,2021,I262021,Socfindo,TBM 3,TBM,676,4.97,136.01609657947688
947,Mulau,3,I27,Inti,2011,I272011,Damimas,TM,TM,1201,9.49,126.55426765015804
948,Mulau,3,I27,Inti,2020,I272020,Socfindo,TM,TM,58,0.42,138.0952380952381
949,Mulau,3,I28,Inti,2010,I282010,Damimas,TM,TM,2637,19.24,137.05821205821206
950,Mulau,3,I28,Inti,2020,I282020,Socfindo,TM,TM,151,0.48,314.58333333333337
951,Mulau,3,I28,Inti,2021,I282021,Socfindo,TBM 3,TBM,162,1.11,145.94594594594594
952,Mulau,3,I28,Inti,2022,I282022,Socfindo,TBM 2,TBM,160,1.25,128.0
953,Mulau,3,I30,Inti,2011,I302011,Damimas,TM,TM,637,4.81,132.43243243243245
954,Mulau,3,I30,Inti,2021,I302021,Socfindo,TBM 3,TBM,85,0.62,137.09677419354838
955,Mulau,3,I31,Inti,2011,I312011,Damimas,TM,TM,836,6.46,129.41176470588235
956,Mulau,3,I31,Inti,2020,I312020,Socfindo,TM,TM,20,0.06,333.33333333333337
957,Mulau,3,I32,Inti,2011,I322011,Damimas,TM,TM,1883,14.64,128.62021857923497
958,Mulau,3,I32,Inti,2020,I322020,Socfindo,TM,TM,88,0.23,382.6086956521739
959,Mulau,4,J01,Inti,2011,J012011,Lonsum,TM,TM,2671,29.3,91.160409556314
960,Mulau,4,J01,Inti,2020,J012020,Socfindo,TM,TM,297,1.86,159.6774193548387
961,Mulau,4,J01,Inti,2022,J012022,Socfindo,TBM 2,TBM,884,3.8,232.63157894736844
962,Mulau,4,J01,Inti,2023,J012023,Lonsum,TBM 1,TBM,1092,4.7,232.3404255319149
963,Mulau,4,J02,Inti,2012,J022012,Lonsum,TM,TM,1840,19.92,92.36947791164658
964,Mulau,4,J02,Inti,2021,J022021,Socfindo,TBM 3,TBM,860,6.34,135.6466876971609
965,Mulau,4,J02,Inti,2022,J022022,Socfindo,TBM 2,TBM,441,3.1,142.25806451612905
966,Mulau,4,J02,Inti,2023,J022023,Socfindo,TBM 1,TBM,50,0.24,208.33333333333331
967,Mulau,4,J03,Inti,2012,J032012,Lonsum,TM,TM,357,5.66,63.07420494699647
968,Mulau,4,J03,Inti,2021,J032021,Socfindo,TBM 3,TBM,46,0.37,124.32432432432432
969,Mulau,4,J03,Inti,2022,J032022,Socfindo,TBM 2,TBM,28,0.2,140.0
970,Mulau,4,J04,Inti,2011,J042011,Lonsum,TM,TM,3091,23.770000000000003,130.03786285233485
971,Mulau,4,J04,Inti,2020,J042020,Socfindo,TM,TM,763,4.74,160.9704641350211
972,Mulau,4,J05,Inti,2011,J052011,Lonsum,TM,TM,2289,16.98,134.80565371024736
973,Mulau,4,J05,Inti,2020,J052020,Socfindo,TM,TM,737,5.42,135.97785977859778
974,Mulau,4,J05,Inti,2021,J052021,Socfindo,TBM 3,TBM,46,0.35,131.42857142857144
975,Mulau,4,J06,Inti,2011,J062011,Lonsum,TM,TM,2081,15.980000000000002,130.2252816020025
976,Mulau,4,J06,Inti,2020,J062020,Socfindo,TM,TM,910,5.279999999999999,172.34848484848487
977,Mulau,4,J06,Inti,2021,J062021,Socfindo,TBM 3,TBM,46,0.36,127.7777777777778
978,Mulau,4,J06,Inti,2022,J062022,Socfindo,TBM 2,TBM,44,0.27,162.96296296296296
979,Mulau,4,J06,Inti,2023,J062023,Socfindo,TBM 1,TBM,134,1.01,132.67326732673268
980,Mulau,4,J07,Inti,2011,J072011,Lonsum,TM,TM,2526,18.51,136.46677471636954
981,Mulau,4,J07,Inti,2020,J072020,Socfindo,TM,TM,662,4.21,157.24465558194774
982,Mulau,4,J07,Inti,2021,J072021,Socfindo,TBM 3,TBM,102,0.85,120.0
983,Mulau,4,J07,Inti,2022,J072022,Socfindo,TBM 2,TBM,34,0.24,141.66666666666669
984,Mulau,4,J07,Inti,2023,J072023,Lonsum,TBM 1,TBM,35,0.0,0.0
985,Mulau,4,J08,Inti,2011,J082011,Lonsum,TM,TM,2966,30.630000000000003,96.8331700946784
986,Mulau,4,J08,Inti,2020,J082020,Lonsum,TM,TM,376,2.63,142.96577946768062
987,Mulau,4,J08,Inti,2021,J082021,Socfindo,TBM 3,TBM,794,5.75,138.08695652173913
988,Mulau,4,J08,Inti,2022,J082022,Socfindo,TBM 2,TBM,456,2.91,156.70103092783506
989,Mulau,4,J08,Inti,2023,J082023,Lonsum,TBM 1,TBM,577,0.09,6411.111111111111
990,Mulau,4,J09,Inti,2011,J092011,Lonsum,TM,TM,2518,19.54,128.86386898669397
991,Mulau,4,J09,Inti,2020,J092020,Socfindo,TM,TM,980,6.34,154.57413249211356
992,Mulau,4,J09,Inti,2021,J092021,Lonsum,TBM 3,TBM,315,2.53,124.50592885375497
993,Mulau,4,J09,Inti,2022,J092022,Lonsum,TBM 2,TBM,177,1.42,124.64788732394366
994,Mulau,4,J10,Inti,2011,J102011,Lonsum,TM,TM,2487,19.15,129.86945169712791
995,Mulau,4,J10,Inti,2020,J102020,Socfindo,TM,TM,775,4.88,158.81147540983608
996,Mulau,4,J10,Inti,2021,J102021,Lonsum,TBM 3,TBM,36,0.23,156.52173913043478
997,Mulau,4,J10,Inti,2023,J102023,Topaz,TBM 1,TBM,54,0.0,0.0
998,Mulau,4,J11,Inti,2012,J112012,Lonsum,TM,TM,2107,17.48,120.53775743707094
999,Mulau,4,J11,Inti,2020,J112020,Lonsum,TM,TM,623,4.36,142.88990825688072
1000,Mulau,4,J11,Inti,2023,J112023,Lonsum,TBM 1,TBM,73,0.4599999999999999,158.69565217391306
1001,Mulau,4,J12,Inti,2011,J122011,Lonsum,TM,TM,2751,21.16,130.00945179584122
1002,Mulau,4,J12,Inti,2020,J122020,Lonsum,TM,TM,586,4.1,142.9268292682927
1003,Mulau,4,J12,Inti,2021,J122021,Socfindo,TBM 3,TBM,969,6.92,140.02890173410404
1004,Mulau,4,J12,Inti,2022,J122022,Lonsum,TBM 2,TBM,320,2.6,123.07692307692308
1005,Mulau,4,J13,Inti,2011,J132011,Lonsum,TM,TM,1697,13.32,127.40240240240242
1006,Mulau,4,J13,Inti,2020,J132020,Socfindo,TM,TM,361,1.8,200.55555555555557
1007,Mulau,4,J14,Inti,2011,J142011,Lonsum,TM,TM,2793,20.61,135.51673944687045
1008,Mulau,4,J14,Inti,2020,J142020,Socfindo,TM,TM,276,1.12,246.42857142857144
1009,Mulau,4,J14,Inti,2021,J142021,Socfindo,TBM 3,TBM,1111,7.949999999999999,139.74842767295598
1010,Mulau,5,J15,Inti,2011,J152011,Lonsum,TM,TM,2011,14.6,137.73972602739724
1011,Mulau,5,J15,Inti,2020,J152020,Socfindo,TM,TM,86,0.11,781.8181818181819
1012,Mulau,5,J16,Inti,2011,J162011,Lonsum,TM,TM,3777,28.27,133.6045277679519
1013,Mulau,5,J16,Inti,2020,J162020,Socfindo,TM,TM,180,0.37,486.4864864864865
1014,Mulau,5,J16,Inti,2021,J162021,Lonsum,TBM 3,TBM,415,3.3,125.75757575757576
1015,Mulau,4,J17,Inti,2011,J172011,Lonsum,TM,TM,1597,12.07,132.31151615575808
1016,Mulau,4,J17,Inti,2020,J172020,Socfindo,TM,TM,106,0.3,353.33333333333337
1017,Mulau,4,J18,Inti,2011,J182011,Lonsum,TM,TM,2768,21.2,130.56603773584905
1018,Mulau,4,J18,Inti,2020,J182020,Socfindo,TM,TM,293,1.2,244.16666666666669
1019,Mulau,4,J19,Inti,2011,J192011,Lonsum,TM,TM,2860,20.73,137.96430294259528
1020,Mulau,4,J19,Inti,2020,J192020,Socfindo,TM,TM,162,0.67,241.79104477611935
1021,Mulau,5,J20,Inti,2011,J202011,Lonsum,TM,TM,1614,12.25,131.75510204081633
1022,Mulau,5,J20,Inti,2020,J202020,Socfindo,TM,TM,80,0.38,210.52631578947367
1023,Mulau,5,J21,Inti,2011,J212011,Lonsum,TM,TM,1187,9.59,123.7747653806048
1024,Mulau,5,J21,Inti,2020,J212020,Socfindo,TM,TM,73,0.38,192.10526315789477
1025,Mulau,5,J22,Inti,2011,J222011,Lonsum,TM,TM,2735,20.59,132.83147158814958
1026,Mulau,5,J22,Inti,2020,J222020,Socfindo,TM,TM,53,0.06,883.3333333333334
1027,Mulau,5,J23,Inti,2011,J232011,Lonsum,TM,TM,1140,9.28,122.84482758620688
1028,Mulau,5,J23,Inti,2021,J232021,Lonsum,TBM 3,TBM,174,1.2100000000000002,143.80165289256198
1029,Mulau,4,J24,Plasma,2012,J242012,Lonsum,TM,TM,198,2.9,68.27586206896552
1030,Mulau,4,J25,Plasma,2011,J252011,Lonsum,TM,TM,2727,24.09,113.20049813200498
1031,Mulau,4,J25,Plasma,2020,J252020,Lonsum,TM,TM,470,3.28,143.29268292682926
1032,Mulau,4,J25,Plasma,2021,J252021,Socfindo,TBM 3,TBM,3655,26.51,137.87250094304036
1033,Mulau,4,J25,Plasma,2022,J252022,Lonsum,TBM 2,TBM,285,1.98,143.93939393939394
1034,Mulau,4,J25,Plasma,2023,J252023,Socfindo,TBM 1,TBM,88,0.78,112.82051282051282
1035,Mulau,5,J26,Plasma,2011,J262011,Lonsum,TM,TM,1586,11.93,132.94216261525565
1036,Mulau,5,J26,Plasma,2020,J262020,Socfindo,TM,TM,287,1.33,215.7894736842105
1037,Mulau,5,J26,Plasma,2021,J262021,Lonsum,TBM 3,TBM,627,4.7,133.40425531914894
1038,Mulau,5,J26,Plasma,2022,J262022,Lonsum,TBM 2,TBM,44,0.0,0.0
1039,Mulau,5,J26,Plasma,2023,J262023,Socfindo,TBM 1,TBM,26,0.16,162.5
1040,Mulau,5,J27,Plasma,2011,J272011,Lonsum,TM,TM,2913,22.24,130.98021582733813
1041,Mulau,5,J27,Plasma,2020,J272020,Socfindo,TM,TM,51,0.12,425.0
1042,Mulau,5,J27,Plasma,2021,J272021,Lonsum,TBM 3,TBM,1264,9.83,128.58596134282809
1043,Mulau,5,J27,Plasma,2022,J272022,Socfindo,TBM 2,TBM,165,0.7699999999999999,214.2857142857143
1044,Mulau,5,J28,Plasma,2011,J282011,Lonsum,TM,TM,3350,24.52,136.6231647634584
1045,Mulau,5,J28,Plasma,2020,J282020,Lonsum,TM,TM,264,1.85,142.7027027027027
1046,Mulau,5,J28,Plasma,2021,J282021,Lonsum,TBM 3,TBM,395,3.06,129.08496732026146
1047,Mulau,5,J28,Plasma,2022,J282022,Lonsum,TBM 2,TBM,163,1.1,148.18181818181816
1048,Mulau,5,J29,Plasma,2011,J292011,Lonsum,TM,TM,3490,26.1,133.71647509578546
1049,Mulau,5,J29,Plasma,2020,J292020,Lonsum,TM,TM,254,1.77,143.50282485875707
1050,Mulau,5,J29,Plasma,2021,J292021,Lonsum,TBM 3,TBM,372,2.71,137.26937269372695
1051,Mulau,5,J30,Plasma,2011,J302011,Lonsum,TM,TM,1043,8.51,122.56169212690952
1052,Mulau,5,J30,Plasma,2020,J302020,Socfindo,TM,TM,300,2.44,122.95081967213116
1053,Mulau,5,J30,Plasma,2021,J302021,Socfindo,TBM 3,TBM,2909,20.82,139.72142170989434
1054,Mulau,5,J30,Plasma,2022,J302022,Socfindo,TBM 2,TBM,174,1.3199999999999998,131.81818181818184
1055,Mulau,5,J31,Plasma,2011,J312011,Lonsum,TM,TM,1863,13.62,136.784140969163
1056,Mulau,5,J31,Plasma,2020,J312020,Socfindo,TM,TM,140,0.54,259.25925925925924
1057,Mulau,5,J31,Plasma,2021,J312021,Lonsum,TBM 3,TBM,1138,8.669095,131.27091120814802
1058,Mulau,5,J31,Plasma,2022,J312022,Socfindo,TBM 2,TBM,19,0.09,211.11111111111111
1059,Mulau,5,J32,Plasma,2011,J322011,Lonsum,TM,TM,1649,12.58,131.08108108108107
1060,Mulau,5,J32,Plasma,2020,J322020,Socfindo,TM,TM,401,3.25,123.3846153846154
1061,Mulau,5,J32,Plasma,2021,J322021,Socfindo,TBM 3,TBM,1346,9.83,136.92777212614445
1062,Mulau,5,J32,Plasma,2022,J322022,Lonsum,TBM 2,TBM,673,4.8,140.20833333333334
1063,Mulau,5,J33,Plasma,2012,J332012,Lonsum,TM,TM,2096,22.42,93.4879571810883
1064,Mulau,5,J33,Plasma,2020,J332020,Socfindo,TM,TM,1085,8.36,129.78468899521533
1065,Mulau,5,J33,Plasma,2021,J332021,Socfindo,TBM 3,TBM,245,2.0,122.5
1066,Mulau,5,J33,Plasma,2022,J332022,Socfindo,TBM 2,TBM,1036,2.86,362.23776223776224
1067,Mulau,5,J33,Plasma,2023,J332023,Socfindo,TBM 1,TBM,40,0.31,129.03225806451613
1068,Mulau,5,J35,Plasma,2022,J352022,Socfindo,TBM 2,TBM,1521,11.11,136.90369036903692
1069,Mulau,5,J36,Plasma,2022,J362022,Socfindo,TBM 2,TBM,908,6.71,135.3204172876304
1070,Mulau,5,J37,Plasma,2021,J372021,Socfindo,TBM 3,TBM,565,4.12,137.1359223300971
1071,Mulau,5,J37,Plasma,2022,J372022,Socfindo,TBM 2,TBM,2083,15.2,137.03947368421052
1072,Mulau,5,J37,Plasma,2023,J372023,Lonsum,TBM 1,TBM,502,3.51,143.019943019943
1073,Mulau,5,J38,Plasma,2021,J382021,Socfindo,TBM 3,TBM,1382,9.78,141.30879345603273
1074,Mulau,5,J38,Plasma,2022,J382022,Socfindo,TBM 2,TBM,169,1.1,153.63636363636363
1075,Mulau,5,J38,Plasma,2023,J382023,Socfindo,TBM 1,TBM,1204,8.53,141.14888628370457
1076,Mulau,5,J39,Plasma,2021,J392021,Socfindo,TBM 3,TBM,28,0.18,155.55555555555557
1077,Mulau,5,J39,Plasma,2022,J392022,Lonsum,TBM 2,TBM,339,2.4,141.25
1078,Mulau,5,J40,Plasma,2022,J402022,Lonsum,TBM 2,TBM,431,2.94,146.59863945578232
1079,Mulau,5,J40,Plasma,2023,J402023,Lonsum,TBM 1,TBM,162,1.25,129.6
1080,Mulau,5,J41,Plasma,2021,J412021,Socfindo,TBM 3,TBM,455,3.21,141.74454828660436
1081,Mulau,5,J41,Plasma,2022,J412022,Socfindo,TBM 2,TBM,156,1.26,123.8095238095238
1082,Mulau,5,J42,Plasma,2021,J422021,Socfindo,TBM 3,TBM,884,6.41,137.90951638065522
1083,Mulau,5,J42,Plasma,2022,J422022,Socfindo,TBM 2,TBM,526,3.42,153.80116959064327
1084,Mulau,5,J42,Plasma,2023,J422023,Lonsum,TBM 1,TBM,13,0.08,162.5
1085,Mulau,5,J43,Plasma,2021,J432021,Socfindo,TBM 3,TBM,152,1.12,135.7142857142857
1086,Mulau,5,J43,Plasma,2022,J432022,Socfindo,TBM 2,TBM,799,5.83,137.04974271012006
1087,Mulau,5,J43,Plasma,2023,J432023,Socfindo,TBM 1,TBM,45,0.25,180.0
1088,Mulau,5,J44,Plasma,2022,J442022,Socfindo,TBM 2,TBM,1047,7.91,132.36409608091023
1089,Mulau,5,J44,Plasma,2023,J442023,Socfindo,TBM 1,TBM,68,0.52,130.76923076923077
1090,Mulau,5,J45,Plasma,2022,J452022,Socfindo,TBM 2,TBM,660,4.94,133.60323886639677
1091,Mulau,5,J45,Plasma,2023,J452023,Socfindo,TBM 1,TBM,30,0.17,176.47058823529412
1092,Mulau,5,J46,Plasma,2022,J462022,Lonsum,TBM 2,TBM,1394,10.15,137.33990147783254
1093,Mulau,5,J46,Plasma,2023,J462023,Sriwijaya,TBM 1,TBM,574,4.140000000000001,138.64734299516903
1094,Mulau,5,J47,Plasma,2022,J472022,Sriwijaya,TBM 2,TBM,1111,8.24,134.83009708737865
1095,Mulau,5,J47,Plasma,2023,J472023,Sriwijaya,TBM 1,TBM,286,2.1,136.19047619047618
1096,Mulau,5,J48,Plasma,2021,J482021,Socfindo,TBM 3,TBM,32,0.25,128.0
1097,Mulau,5,J48,Plasma,2022,J482022,Lonsum,TBM 2,TBM,659,4.85,135.87628865979383
1098,Mulau,5,J49,Plasma,2022,J492022,Lonsum,TBM 2,TBM,1440,10.86,132.59668508287294
1099,Mulau,5,J50,Plasma,2021,J502021,Socfindo,TBM 3,TBM,133,1.0,133.0
1100,Mulau,5,J50,Plasma,2022,J502022,Socfindo,TBM 2,TBM,2344,17.95,130.5849582172702
1101,Mulau,5,J50,Plasma,2023,J502023,Socfindo,TBM 1,TBM,315,2.24,140.625
1102,Mulau,5,J51,Plasma,2021,J512021,Socfindo,TBM 3,TBM,209,1.45,144.13793103448276
1103,Mulau,5,J51,Plasma,2022,J512022,Socfindo,TBM 2,TBM,3185,23.379999999999995,136.22754491017966
1104,Mulau,5,J51,Plasma,2023,J512023,Socfindo,TBM 1,TBM,58,0.49,118.36734693877553
1105,Mulau,5,J52,Plasma,2022,J522022,Lonsum,TBM 2,TBM,1131,8.22,137.5912408759124
1106,Mulau,5,J53,Plasma,2022,J532022,Lonsum,TBM 2,TBM,2337,17.11,136.58679135008768
1107,Mulau,5,J53,Plasma,2023,J532023,Socfindo,TBM 1,TBM,30,0.26,115.3846153846154
1108,Mulau,5,J54,Plasma,2022,J542022,Socfindo,TBM 2,TBM,1159,9.45,122.64550264550266
1109,Mulau,5,J54,Plasma,2023,J542023,Lonsum,TBM 1,TBM,415,2.69,154.27509293680296
1110,Mulau,5,J55,Plasma,2022,J552022,Socfindo,TBM 2,TBM,1229,8.65,142.08092485549133
1111,Mulau,5,J59,Plasma,2022,J592022,Lonsum,TBM 2,TBM,91,0.74,122.97297297297295
1112,Mulau,5,J60,Plasma,2022,J602022,Lonsum,TBM 2,TBM,514,3.71,138.544474393531
1113,Mulau,5,J62,Plasma,2022,J622022,Lonsum,TBM 2,TBM,1395,10.42,133.87715930902112
1114,Mulau,5,J62,Plasma,2023,J622023,Lonsum,TBM 1,TBM,345,2.5700000000000003,134.24124513618676
1115,Mulau,5,J63,Plasma,2022,J632022,Lonsum,TBM 2,TBM,1588,11.47,138.44812554489974
1116,Mulau,5,J63,Plasma,2023,J632023,Lonsum,TBM 1,TBM,22,0.18,122.22222222222224
1117,Mulau,5,J64,Plasma,2022,J642022,Lonsum,TBM 2,TBM,785,5.680000000000001,138.20422535211267
1118,Mulau,5,J64,Plasma,2023,J642023,Lonsum,TBM 1,TBM,94,0.77,122.07792207792208
1119,Mulau,5,J65,Plasma,2022,J652022,Lonsum,TBM 2,TBM,13,0.1,130.0
1120,Mulau,5,J68,Plasma,2023,J682023,Lonsum,TBM 1,TBM,358,2.52,142.06349206349205
1121,Mulau,5,J67,Plasma,2023,J672023,Lonsum,TBM 1,TBM,251,1.58,158.86075949367088
1122,Mulau,5,J69,Plasma,2023,J692023,Lonsum,TBM 1,TBM,646,4.779999999999999,135.14644351464435
1123,Mulau,5,J70,Plasma,2022,J702022,Lonsum,TBM 2,TBM,151,0.99,152.52525252525254
1124,Mulau,5,J70,Plasma,2023,J702023,Sriwijaya,TBM 1,TBM,406,2.88,140.97222222222223
1125,Mulau,5,J71,Plasma,2022,J712022,Lonsum,TBM 2,TBM,930,6.609999999999999,140.695915279879
1126,Mulau,5,J71,Plasma,2023,J712023,Lonsum,TBM 1,TBM,668,4.89,136.60531697341514
1127,Mulau,5,J72,Plasma,2022,J722022,Lonsum,TBM 2,TBM,1603,11.55,138.78787878787878
1128,Mulau,5,J72,Plasma,2023,J722023,Lonsum,TBM 1,TBM,128,0.87,147.1264367816092
1129,Mulau,5,J73,Plasma,2022,J732022,Lonsum,TBM 2,TBM,1234,8.94,138.03131991051455
1130,Mulau,5,J73,Plasma,2023,J732023,Lonsum,TBM 1,TBM,42,0.26,161.53846153846152
1131,Mulau,5,J74,Plasma,2022,J742022,Lonsum,TBM 2,TBM,241,1.76,136.9318181818182
1132,Mulau,5,J74,Plasma,2023,J742023,Socfindo,TBM 1,TBM,65,0.47,138.29787234042553
1133,Mulau,5,J75,Plasma,2022,J752022,Lonsum,TBM 2,TBM,19,0.1,190.0
