id,blok,estate,divisi,status_lahan,tahun_tanam,jenis_bibit,status_tanaman,blok_tt,jumlah_pokok,luas,sph
1,A01,Melamor,2,Inti,2008,Lonsum,TM,A012008,3674,27.89,131.73180351380424
2,A01,Melamor,2,Inti,2020,Lonsum,TM,A012020,602,4.22,142.65402843601896
3,A01,Melamor,2,Inti,2022,Lonsum,TBM,A012022,401,2.72,147.42647058823528
4,A02,Melamor,2,Inti,2009,Lonsum,TM,A022009,2906,21.76,133.54779411764704
5,A02,Melamor,2,Inti,2020,Socfindo,TM,A022020,136,0.45,302.22222222222223
6,A02,Melamor,2,Inti,2021,Socfindo,TBM,A022021,151,1.24,121.7741935483871
7,A02,Melamor,2,Inti,2022,Lonsum,TBM,A022022,780,5.3,147.16981132075472
8,A02,Melamor,2,Inti,2023,Lonsum,TBM,A022023,64,0.48,133.33333333333334
9,A03,Melamor,2,Inti,2022,Lonsum,TBM,A032022,214,1.69,126.62721893491124
10,A04,Melamor,2,Inti,2009,Damimas,TM,A042009,1234,9.15,134.8633879781421
11,A04,Melamor,2,Inti,2020,Socfindo,TM,A042020,1308,9.73,134.4295991778006
12,A04,Melamor,2,Inti,2021,Socfindo,TBM,A042021,155,1.11,139.63963963963965
13,A05,Melamor,1,Plasma,2010,Lonsum,TM,A052010,787,5.82,135.22336769759448
14,A05,Melamor,1,Plasma,2020,Socfindo,TM,A052020,424,3.15,134.6031746031746
15,A05,Melamor,1,Plasma,2021,Socfindo,TBM,A052021,490,3.37,145.40059347181008
16,A07,Melamor,2,Inti,2008,Damimas,TM,A072008,1748,14.71,118.83072739632902
17,A07,Melamor,2,Inti,2020,Socfindo,TM,A072020,10,0.04,250.0
18,A07,Melamor,2,Inti,2022,Lonsum,TBM,A072022,305,2.18,139.90825688073394
19,A08,Melamor,2,Inti,2008,Socfindo,TM,A082008,1615,13.24,121.97885196374622
20,A08,Melamor,2,Inti,2022,Lonsum,TBM,A082022,191,1.37,139.4160583941606
21,A09,Melamor,2,Inti,2008,Socfindo,TM,A092008,2041,15.29,133.48593852190976
22,A09,Melamor,2,Inti,2022,Lonsum,TBM,A092022,92,0.64,143.75
23,A10,Melamor,2,Inti,2008,Socfindo,TM,A102008,1734,14.43,120.16632016632016
24,A10,Melamor,2,Inti,2020,Lonsum,TM,A102020,202,1.44,140.27777777777777
25,A10,Melamor,2,Inti,2022,Lonsum,TBM,A102022,140,1.15,121.73913043478262
26,A11,Melamor,2,Inti,2008,Lonsum,TM,A112008,2851,20.45,139.41320293398533
27,A11,Melamor,2,Inti,2020,Socfindo,TM,A112020,158,0.77,205.1948051948052
28,A11,Melamor,2,Inti,2022,Lonsum,TBM,A112022,227,1.73,131.21387283236993
29,A12,Melamor,2,Inti,2008,Lonsum,TM,A122008,4327,30.84,140.3047989623865
30,A12,Melamor,2,Inti,2020,Socfindo,TM,A122020,422,2.5,168.8
31,A12,Melamor,2,Inti,2021,Lonsum,TBM,A122021,20,0.16,125.0
32,A12,Melamor,2,Inti,2022,Sriwijaya,TBM,A122022,160,0.96,166.66666666666666
33,A13,Melamor,2,Inti,2009,Lonsum,TM,A132009,3096,22.07,140.28092433167194
34,A13,Melamor,2,Inti,2020,Socfindo,TM,A132020,387,2.51,154.1832669322709
35,A13,Melamor,2,Inti,2022,Lonsum,TBM,A132022,646,4.12,156.79611650485435
36,A14,Melamor,2,Inti,2009,Damimas,TM,A142009,2390,17.189999999999998,139.0343222803956
37,A14,Melamor,2,Inti,2020,Socfindo,TM,A142020,321,2.21,145.24886877828055
38,A14,Melamor,2,Inti,2022,Lonsum,TBM,A142022,490,3.16,155.0632911392405
39,A15,Melamor,2,Inti,2009,Lonsum,TM,A152009,3217,22.68,141.84303350970018
40,A15,Melamor,2,Inti,2020,Socfindo,TM,A152020,44,0.45,97.77777777777776
41,A15,Melamor,2,Inti,2021,Socfindo,TBM,A152021,501,3.74,133.95721925133688
42,A16,Melamor,1,Inti,2020,Socfindo,TM,A162020,719,5.98,120.23411371237458
43,A16,Melamor,1,Inti,2021,Lonsum,TBM,A162021,751,5.386864999999999,139.41318373488107
44,A16,Melamor,1,Inti,2022,Lonsum,TBM,A162022,904,6.140000000000001,147.23127035830618
45,A16,Melamor,1,Inti,2023,Lonsum,TBM,A162023,274,1.74,157.4712643678161
46,A17,Melamor,1,Plasma,2011,Damimas,TM,A172011,3419,26.38706293706294,129.57107079915724
47,A17,Melamor,1,Plasma,2020,Socfindo,TM,A172020,1119,7.8529370629370625,142.49445666402488
48,A17,Melamor,1,Plasma,2021,Socfindo,TBM,A172021,10,0.07,142.85714285714283
49,A18,Melamor,2,Inti,2010,Damimas,TM,A182010,776,5.629999999999999,137.83303730017764
50,A18,Melamor,2,Inti,2020,Lonsum,TM,A182020,230,1.6800000000000002,136.9047619047619
51,A18,Melamor,2,Inti,2022,Lonsum,TBM,A182022,539,3.67,146.866485013624
52,A19,Melamor,2,Inti,2009,Socfindo,TM,A192009,2655,21.28,124.76503759398496
53,A19,Melamor,2,Inti,2022,Lonsum,TBM,A192022,603,3.88,155.41237113402062
54,A20,Melamor,2,Inti,2010,Socfindo,TM,A202010,1359,11.066713286713286,122.8006875023696
55,A20,Melamor,2,Inti,2020,Socfindo,TM,A202020,784,5.513286713286713,142.20192795535263
56,A20,Melamor,2,Inti,2022,Lonsum,TBM,A202022,81,0.54,150.0
57,A21,Melamor,2,Plasma,2009,Damimas,TM,A212009,2254,17.6,128.0681818181818
58,A21,Melamor,2,Plasma,2020,Lonsum,TM,A212020,325,2.27,143.1718061674009
59,A21,Melamor,2,Plasma,2022,Lonsum,TBM,A212022,127,0.91,139.56043956043956
60,A22,Melamor,2,Plasma,2010,Lonsum,TM,A222010,2788,21.610000000000003,129.01434521055066
61,A22,Melamor,2,Plasma,2020,Socfindo,TM,A222020,124,0.8999999999999999,137.7777777777778
62,A22,Melamor,2,Plasma,2021,Socfindo,TBM,A222021,449,3.28,136.89024390243904
63,A22,Melamor,2,Plasma,2022,Lonsum,TBM,A222022,448,2.8600000000000003,156.64335664335664
64,A23,Melamor,2,Inti,2010,Socfindo,TM,A232010,933,6.8,137.2058823529412
65,A23,Melamor,2,Inti,2021,Socfindo,TBM,A232021,3137,22.97,136.56943839791032
66,A23,Melamor,2,Inti,2022,Lonsum,TBM,A232022,1497,9.83,152.28891149542218
67,A23,Melamor,2,Inti,2023,Sriwijaya,TBM,A232023,400,2.7,148.14814814814815
68,A24,Melamor,1,Inti,2021,Socfindo,TBM,A242021,1216,8.56,142.05607476635512
69,A24,Melamor,1,Inti,2022,Lonsum,TBM,A242022,307,2.22,138.2882882882883
70,A25,Melamor,1,Inti,2011,Socfindo,TM,A252011,0,0.0,0.0
71,A25,Melamor,1,Inti,2020,Lonsum,TM,A252020,2729,19.1993006993007,142.1405936987798
72,A25,Melamor,1,Inti,2021,Socfindo,TBM,A252021,247,0.8300000000000001,297.5903614457831
73,A25,Melamor,1,Inti,2022,Lonsum,TBM,A252022,22,0.17,129.41176470588235
74,A26,Melamor,1,Inti,2011,Damimas,TM,A262011,1483,9.330000000000002,158.94962486602356
75,A26,Melamor,1,Inti,2020,Socfindo,TM,A262020,1810,13.55,133.57933579335793
76,A26,Melamor,1,Inti,2021,Lonsum,TBM,A262021,605,4.27,141.68618266978925
77,A26,Melamor,1,Inti,2022,Lonsum,TBM,A262022,777,4.81,161.53846153846155
78,A27,Melamor,1,Inti,2011,Damimas,TM,A272011,1810,14.15,127.91519434628977
79,A27,Melamor,1,Inti,2020,Socfindo,TM,A272020,2623,16.72,156.87799043062202
80,A27,Melamor,1,Inti,2022,Lonsum,TBM,A272022,242,1.64,147.5609756097561
81,A27,Melamor,1,Inti,2023,Lonsum,TBM,A272023,135,0.0,0.0
82,A28,Melamor,1,Plasma,2011,Damimas,TM,A282011,1509,12.4,121.69354838709678
83,A28,Melamor,1,Plasma,2020,Socfindo,TM,A282020,812,5.76,140.97222222222223
84,A28,Melamor,1,Plasma,2021,Socfindo,TBM,A282021,300,2.12,141.50943396226415
85,A28,Melamor,1,Plasma,2022,Lonsum,TBM,A282022,763,5.77,132.2357019064125
86,A28,Melamor,1,Plasma,2023,Lonsum,TBM,A282023,22,0.0,0.0
87,A29,Melamor,1,Plasma,2012,Damimas,TM,A292012,622,7.93,78.43631778058008
88,A29,Melamor,1,Plasma,2020,Socfindo,TM,A292020,2663,18.75,142.02666666666667
89,A29,Melamor,1,Plasma,2021,Socfindo,TBM,A292021,648,4.176864,155.1403157967317
90,A29,Melamor,1,Plasma,2022,Lonsum,TBM,A292022,416,3.3800000000000003,123.07692307692308
91,A29,Melamor,1,Plasma,2023,Lonsum,TBM,A292023,23,0.0,0.0
92,A30,Melamor,1,Plasma,2011,Damimas,TM,A302011,2285,12.289999999999996,185.9235150528886
93,A30,Melamor,1,Plasma,2020,Socfindo,TM,A302020,3053,25.06000000000001,121.82761372705504
94,A30,Melamor,1,Plasma,2021,Socfindo,TBM,A302021,372,2.3800000000000003,156.30252100840335
95,A30,Melamor,1,Plasma,2023,Lonsum,TBM,A302023,140,0.48,291.6666666666667
96,A30,Melamor,1,Plasma,2024,Topaz,TBM,A302024,123,0.93,132.25806451612902
97,A31,Melamor,1,Plasma,2011,Damimas,TM,A312011,1538,9.66,159.21325051759834
98,A31,Melamor,1,Plasma,2020,Socfindo,TM,A312020,4522,30.74,147.10474951203645
99,A31,Melamor,1,Plasma,2021,Socfindo,TBM,A312021,1239,7.79,159.05006418485237
100,A31,Melamor,1,Plasma,2022,Lonsum,TBM,A312022,1277,8.31,153.67027677496992
101,A31,Melamor,1,Plasma,2023,Lonsum,TBM,A312023,147,0.29,506.89655172413785
102,A32,Melamor,2,Plasma,2010,Lonsum,TM,A322010,3904,30.04,129.9600532623169
103,A32,Melamor,2,Plasma,2020,Lonsum,TM,A322020,2218,16.34,135.7405140758874
104,A32,Melamor,2,Plasma,2021,Lonsum,TBM,A322021,957,7.27,131.63686382393396
105,A32,Melamor,2,Plasma,2022,Lonsum,TBM,A322022,470,2.58,182.17054263565893
106,A32,Melamor,2,Plasma,2024,Topaz,TBM,A322024,237,1.61,147.20496894409936
107,A34,Melamor,1,Inti,2020,Socfindo,TM,A342020,5827,41.23,141.32912927479993
108,A34,Melamor,1,Inti,2021,Socfindo,TBM,A342021,501,3.68,136.1413043478261
109,A34,Melamor,1,Inti,2022,Lonsum,TBM,A342022,1808,12.45,145.22088353413656
110,A34,Melamor,1,Inti,2023,Lonsum,TBM,A342023,14,0.0,0.0
111,A35,Melamor,1,Inti,2011,Damimas,TM,A352011,0,0.0,0.0
112,A35,Melamor,1,Inti,2020,Lonsum,TM,A352020,1135,7.950769230769231,142.7534829721362
113,A35,Melamor,1,Inti,2021,Socfindo,TBM,A352021,94,0.32,293.75
114,A36,Melamor,1,Inti,2011,Damimas,TM,A362011,145,1.5100000000000016,96.02649006622508
115,A36,Melamor,1,Inti,2020,Socfindo,TM,A362020,3455,26.78,129.01418969380137
116,A36,Melamor,1,Inti,2021,Socfindo,TBM,A362021,405,2.92,138.6986301369863
117,A36,Melamor,1,Inti,2022,Lonsum,TBM,A362022,909,6.09,149.26108374384236
118,A36,Melamor,1,Inti,2023,Sriwijaya,TBM,A362023,516,1.9300000000000035,267.3575129533674
119,A37,Melamor,1,Plasma,2012,Damimas,TM,A372012,1715,9.120000000000012,188.04824561403484
120,A37,Melamor,1,Plasma,2020,Socfindo,TM,A372020,6918,52.49,131.7965326728901
121,A37,Melamor,1,Plasma,2021,Lonsum,TBM,A372021,5198,29.68,175.13477088948787
122,A37,Melamor,1,Plasma,2022,Lonsum,TBM,A372022,163,0.8899999999999999,183.1460674157304
123,A37,Melamor,1,Plasma,2023,Lonsum,TBM,A372023,90,0.0,0.0
124,A38,Melamor,1,Plasma,2012,Damimas,TM,A382012,981,2.264265734265736,433.253034374131
125,A38,Melamor,1,Plasma,2020,Socfindo,TM,A382020,3941,29.225734265734268,134.84691142971994
126,A38,Melamor,1,Plasma,2021,Socfindo,TBM,A382021,187,1.58,118.35443037974684
127,A38,Melamor,1,Plasma,2022,Lonsum,TBM,A382022,1546,11.03,140.16319129646416
128,A38,Melamor,1,Plasma,2023,Lonsum,TBM,A382023,158,0.31,509.6774193548387
129,A44,Melamor,1,Plasma,2022,Lonsum,TBM,A442022,238,1.76,135.22727272727272
130,A46,Melamor,1,Plasma,2022,Lonsum,TBM,A462022,122,0.75,162.66666666666666
131,A46,Melamor,1,Plasma,2023,Lonsum,TBM,A462023,53,0.33,160.6060606060606
132,A48,Melamor,1,Plasma,2022,Sriwijaya,TBM,A482022,830,5.87,141.396933560477
133,A48,Melamor,1,Plasma,2023,Sriwijaya,TBM,A482023,369,2.61,141.3793103448276
134,A49,Melamor,1,Plasma,2022,Lonsum,TBM,A492022,988,7.0200000000000005,140.74074074074073
135,A50,Melamor,1,Plasma,2022,Lonsum,TBM,A502022,705,4.8,146.875
136,A52,Melamor,1,Plasma,2022,Sriwijaya,TBM,A522022,810,5.88,137.75510204081633
137,A54,Melamor,1,Plasma,2022,Lonsum,TBM,A542022,273,2.19,124.65753424657537
138,A56,Melamor,1,Plasma,2022,Lonsum,TBM,A562022,191,1.3,146.9230769230769
139,A57,Melamor,1,Plasma,2022,Lonsum,TBM,A572022,298,2.11,141.23222748815166
140,A58,Melamor,1,Plasma,2022,Lonsum,TBM,A582022,376,2.27,165.63876651982378
141,A58,Melamor,1,Plasma,2023,Lonsum,TBM,A582023,273,1.8,151.66666666666666
142,A59,Melamor,1,Plasma,2022,Lonsum,TBM,A592022,454,3.13,145.04792332268372
143,B02,Melamor,4,Plasma,2011,Socfindo,TM,B022011,1803,18.94,95.19535374868003
144,B02,Melamor,4,Plasma,2020,Socfindo,TM,B022020,196,0.59,332.2033898305085
145,B02,Melamor,4,Plasma,2022,Lonsum,TBM,B022022,461,0.25,1844.0
146,B03,Melamor,4,Plasma,2022,Lonsum,TBM,B032022,556,3.94,141.11675126903555
147,B04,Melamor,4,Inti,2009,Damimas,TM,B042009,1792,14.41,124.35808466342816
148,B04,Melamor,4,Inti,2020,Socfindo,TM,B042020,89,0.32,278.125
149,B04,Melamor,4,Inti,2022,Lonsum,TBM,B042022,361,2.21,163.34841628959276
150,B04,Melamor,4,Inti,2023,Sriwijaya,TBM,B042023,22,0.0499999999999999,440.0000000000001
151,B05,Melamor,4,Inti,2008,Damimas,TM,B052008,2415,18.9,127.7777777777778
152,B05,Melamor,4,Inti,2020,Socfindo,TM,B052020,157,1.21,129.7520661157025
153,B05,Melamor,4,Inti,2022,Lonsum,TBM,B052022,115,0.93,123.65591397849462
154,B06,Melamor,4,Inti,2008,Lonsum,TM,B062008,3777,28.14,134.2217484008529
155,B06,Melamor,4,Inti,2020,Socfindo,TM,B062020,243,1.61,150.93167701863356
156,B06,Melamor,4,Inti,2021,Lonsum,TBM,B062021,49,0.34,144.1176470588235
157,B06,Melamor,4,Inti,2022,Lonsum,TBM,B062022,242,1.83,132.24043715846994
158,B07,Melamor,4,Inti,2009,Lonsum,TM,B072009,2966,22.98,129.0687554395126
159,B07,Melamor,4,Inti,2020,Socfindo,TM,B072020,207,1.28,161.71875
160,B07,Melamor,4,Inti,2022,Lonsum,TBM,B072022,570,4.09,139.3643031784841
161,B07,Melamor,4,Inti,2023,Sriwijaya,TBM,B072023,335,2.3,145.6521739130435
162,B08,Melamor,4,Inti,2008,Damimas,TM,B082008,5215,36.73,141.98203103729924
163,B08,Melamor,4,Inti,2020,Socfindo,TM,B082020,229,0.43,532.5581395348837
164,B08,Melamor,4,Inti,2022,Lonsum,TBM,B082022,91,0.46,197.8260869565217
165,B09,Melamor,4,Inti,2009,Lonsum,TM,B092009,2510,20.4,123.03921568627452
166,B09,Melamor,4,Inti,2020,Socfindo,TM,B092020,143,0.68,210.2941176470588
167,B10,Melamor,4,Plasma,2011,Socfindo,TM,B102011,4074,30.85,132.0583468395462
168,B10,Melamor,4,Plasma,2020,Socfindo,TM,B102020,433,2.2,196.8181818181818
169,B10,Melamor,4,Plasma,2022,Lonsum,TBM,B102022,277,1.84,150.54347826086956
170,B11,Melamor,4,Plasma,2010,Lonsum,TM,B112010,2171,18.89,114.92853361566966
171,B11,Melamor,4,Plasma,2020,Socfindo,TM,B112020,216,1.64,131.70731707317074
172,B12,Melamor,3,Inti,2010,Lonsum,TM,B122010,2975,22.64,131.40459363957598
173,B12,Melamor,3,Inti,2020,Socfindo,TM,B122020,770,5.890000000000001,130.73005093378606
174,B12,Melamor,3,Inti,2021,Lonsum,TBM,B122021,100,0.6399999999999999,156.25000000000003
175,B12,Melamor,3,Inti,2022,Lonsum,TBM,B122022,35,0.28,125.0
176,B13,Melamor,4,Inti,2009,Socfindo,TM,B132009,4587,34.93,131.31978242198684
177,B13,Melamor,4,Inti,2020,Socfindo,TM,B132020,510,3.3600000000000003,151.78571428571428
178,B14,Melamor,3,Inti,2009,Lonsum,TM,B142009,6311,47.28,133.4813874788494
179,B14,Melamor,3,Inti,2020,Socfindo,TM,B142020,444,3.06,145.09803921568627
180,B14,Melamor,3,Inti,2021,Lonsum,TBM,B142021,137,1.2,114.16666666666669
181,B14,Melamor,3,Inti,2022,Lonsum,TBM,B142022,165,1.09,151.3761467889908
182,B16,Melamor,4,Inti,2008,Lonsum,TM,B162008,3840,29.47,130.3020020359688
183,B16,Melamor,4,Inti,2020,Socfindo,TM,B162020,243,1.35,180.0
184,B16,Melamor,4,Inti,2022,Lonsum,TBM,B162022,357,2.58,138.37209302325584
185,B16,Melamor,4,Inti,2023,Lonsum,TBM,B162023,44,0.29,151.7241379310345
186,B17,Melamor,4,Inti,2009,Damimas,TM,B172009,3440,26.78,128.45407020164302
187,B17,Melamor,4,Inti,2020,Socfindo,TM,B172020,97,0.74,131.0810810810811
188,B17,Melamor,4,Inti,2022,Lonsum,TBM,B172022,331,2.34,141.45299145299143
189,B18,Melamor,3,Inti,2009,Lonsum,TM,B182009,3229,25.26,127.83056215360251
190,B18,Melamor,3,Inti,2020,Socfindo,TM,B182020,153,0.97,157.7319587628866
191,B18,Melamor,3,Inti,2021,Lonsum,TBM,B182021,230,1.59,144.65408805031447
192,B18,Melamor,3,Inti,2022,Lonsum,TBM,B182022,111,0.71,156.33802816901408
193,B19,Melamor,3,Plasma,2009,Lonsum,TM,B192009,3049,21.59,141.2227883279296
194,B19,Melamor,3,Plasma,2020,Socfindo,TM,B192020,353,2.81,125.62277580071174
195,B20,Melamor,3,Inti,2009,Lonsum,TM,B202009,2974,27.0,110.14814814814817
196,B20,Melamor,3,Inti,2020,Socfindo,TM,B202020,834,6.08,137.17105263157896
197,B20,Melamor,3,Inti,2021,Lonsum,TBM,B202021,420,3.41,123.16715542521992
198,B20,Melamor,3,Inti,2023,Sriwijaya,TBM,B202023,84,0.08,1049.9999999999998
199,B21,Melamor,3,Inti,2009,Damimas,TM,B212009,2661,20.14,132.12512413108243
200,B21,Melamor,3,Inti,2020,Socfindo,TM,B212020,526,3.14,167.51592356687897
201,B21,Melamor,3,Inti,2023,Lonsum,TBM,B212023,15,0.05,300.0
202,B22,Melamor,4,Inti,2009,Damimas,TM,B222009,4050,30.71,131.87886681862585
203,B22,Melamor,4,Inti,2020,Socfindo,TM,B222020,785,6.569999999999999,119.48249619482498
204,B22,Melamor,4,Inti,2022,Lonsum,TBM,B222022,404,2.8,144.2857142857143
205,B22,Melamor,4,Inti,2023,Lonsum,TBM,B222023,20,0.18,111.11111111111111
206,B23,Melamor,3,Inti,2009,Lonsum,TM,B232009,2644,19.87,133.06492199295425
207,B23,Melamor,3,Inti,2020,Socfindo,TM,B232020,288,2.19,131.5068493150685
208,B24,Melamor,3,Plasma,2009,Lonsum,TM,B242009,3806,27.87,136.56261212773592
209,B24,Melamor,3,Plasma,2020,Lonsum,TM,B242020,848,6.27,135.24720893141946
210,B25,Melamor,3,Plasma,2009,Lonsum,TM,B252009,2751,20.64,133.28488372093025
211,B25,Melamor,3,Plasma,2020,Lonsum,TM,B252020,346,2.42,142.97520661157026
212,B25,Melamor,3,Plasma,2021,Lonsum,TBM,B252021,105,0.77,136.36363636363637
213,B25,Melamor,3,Plasma,2022,Lonsum,TBM,B252022,269,1.92,140.10416666666669
214,B26,Melamor,3,Plasma,2009,Lonsum,TM,B262009,3219,27.120000000000005,118.6946902654867
215,B26,Melamor,3,Plasma,2020,Lonsum,TM,B262020,800,5.720000000000001,139.86013986013984
216,B26,Melamor,3,Plasma,2021,Socfindo,TBM,B262021,1502,11.68,128.5958904109589
217,B26,Melamor,3,Plasma,2022,Lonsum,TBM,B262022,563,3.79,148.54881266490764
218,B26,Melamor,3,Plasma,2024,Topaz,TBM,B262024,89,0.62,143.5483870967742
219,B27,Melamor,3,Plasma,2009,Lonsum,TM,B272009,1926,14.47,133.10297166551484
220,B27,Melamor,3,Plasma,2021,Socfindo,TBM,B272021,350,1.79,195.53072625698323
221,B27,Melamor,3,Plasma,2022,Lonsum,TBM,B272022,159,1.22,130.327868852459
222,C01,Sedadung,1,Inti,2008,Lonsum,TM,C012008,3313,24.7,134.12955465587044
223,C01,Sedadung,1,Inti,2020,Lonsum,TM,C012020,18,0.13,138.46153846153845
224,C02,Sedadung,1,Inti,2008,Lonsum,TM,C022008,3809,28.26,134.78414720452938
225,C02,Sedadung,1,Inti,2020,Lonsum,TM,C022020,429,2.84,151.05633802816902
226,C03,Sedadung,1,Inti,2008,Lonsum,TM,C032008,4428,32.68,135.49571603427174
227,C03,Sedadung,1,Inti,2020,Socfindo,TM,C032020,112,0.67,167.1641791044776
228,C04,Sedadung,1,Inti,2008,Lonsum,TM,C042008,2511,18.66,134.56591639871385
229,C04,Sedadung,1,Inti,2020,Lonsum,TM,C042020,350,2.33,150.2145922746781
230,C04,Sedadung,1,Inti,2023,Lonsum,TBM,C042023,423,2.48,170.56451612903226
231,C05,Sedadung,1,Inti,2008,Socfindo,TM,C052008,2259,16.650000000000002,135.67567567567565
232,C05,Sedadung,1,Inti,2020,Lonsum,TM,C052020,51,0.36,141.66666666666669
233,C05,Sedadung,1,Inti,2023,Lonsum,TBM,C052023,85,0.54,157.4074074074074
234,C06,Sedadung,1,Inti,2008,Socfindo,TM,C062008,4219,33.02,127.771047849788
235,C06,Sedadung,1,Inti,2020,Socfindo,TM,C062020,385,2.19,175.79908675799086
236,C07,Sedadung,1,Inti,2008,Socfindo,TM,C072008,3835,27.5,139.45454545454547
237,H44,Mulau,1,Plasma,2020,Socfindo,TM,H442020,51,0.55,92.72727272727272
238,C07,Sedadung,1,Inti,2020,Socfindo,TM,C072020,609,4.3100000000000005,141.29930394431554
239,C08,Sedadung,2,Inti,2008,Socfindo,TM,C082008,4745,35.279999999999994,134.49546485260774
240,C08,Sedadung,2,Inti,2020,Socfindo,TM,C082020,157,1.02,153.92156862745097
241,C08,Sedadung,2,Inti,2022,Lonsum,TBM,C082022,261,1.83,142.62295081967213
242,C09,Sedadung,2,Inti,2009,Damimas,TM,C092009,1496,11.29,132.50664304694422
243,C09,Sedadung,2,Inti,2020,Socfindo,TM,C092020,423,3.29,128.57142857142858
244,C09,Sedadung,2,Inti,2022,Lonsum,TBM,C092022,222,1.4699999999999998,151.02040816326533
245,C10,Sedadung,2,Inti,2008,Lonsum,TM,C102008,2415,19.51,123.78267555099949
246,C10,Sedadung,2,Inti,2020,Lonsum,TM,C102020,196,1.24,158.06451612903226
247,C10,Sedadung,2,Inti,2022,Lonsum,TBM,C102022,136,1.0,136.0
248,C11,Sedadung,1,Inti,2008,Damimas,TM,C112008,2613,19.67,132.8418912048805
249,C11,Sedadung,1,Inti,2020,Socfindo,TM,C112020,73,0.5,146.0
250,C11,Sedadung,1,Inti,2023,Socfindo,TBM,C112023,35,0.05,699.9999999999994
251,C12,Sedadung,1,Inti,2008,Lonsum,TM,C122008,3154,23.35,135.07494646680942
252,C12,Sedadung,1,Inti,2023,Socfindo,TBM,C122023,183,1.23,148.78048780487805
253,C13,Sedadung,1,Inti,2022,Lonsum,TBM,C132022,50,0.35,142.85714285714286
254,C14,Sedadung,1,Inti,2008,Lonsum,TM,C142008,2033,17.07,119.0978324545987
255,C14,Sedadung,1,Inti,2022,Lonsum,TBM,C142022,97,0.66,146.96969696969697
256,C15,Sedadung,2,Inti,2008,Socfindo,TM,C152008,2333,18.17,128.39845899834893
257,C15,Sedadung,2,Inti,2022,Lonsum,TBM,C152022,150,1.0,150.0
258,C15,Sedadung,2,Inti,2023,Socfindo,TBM,C152023,113,0.63,179.36507936507937
259,C16,Sedadung,2,Inti,2008,Socfindo,TM,C162008,1980,14.7,134.6938775510204
260,C16,Sedadung,2,Inti,2020,Socfindo,TM,C162020,14,0.12,116.66666666666669
261,C17,Sedadung,2,Inti,2008,Lonsum,TM,C172008,4785,35.44,135.01693002257338
262,C17,Sedadung,2,Inti,2020,Socfindo,TM,C172020,243,1.58,153.79746835443038
263,C17,Sedadung,2,Inti,2021,Socfindo,TBM,C172021,52,0.15,346.6666666666667
264,C17,Sedadung,2,Inti,2022,Lonsum,TBM,C172022,290,1.8,161.11111111111111
265,C17,Sedadung,2,Inti,2023,Lonsum,TBM,C172023,108,0.69,156.52173913043478
266,C18,Sedadung,2,Inti,2020,Socfindo,TM,C182020,47,0.4,117.5
267,C19,Sedadung,2,Inti,2009,Lonsum,TM,C192009,3040,22.85,133.04157549234134
268,C19,Sedadung,2,Inti,2020,Socfindo,TM,C192020,190,1.03,184.4660194174757
269,C19,Sedadung,2,Inti,2022,Lonsum,TBM,C192022,249,1.61,154.65838509316768
270,C20,Sedadung,2,Inti,2008,Socfindo,TM,C202008,3795,28.22,134.47909284195606
271,C20,Sedadung,2,Inti,2020,Socfindo,TM,C202020,405,2.54,159.4488188976378
272,C21,Sedadung,2,Inti,2020,Socfindo,TM,C212020,475,4.18,113.63636363636364
273,C21,Sedadung,2,Inti,2021,Socfindo,TBM,C212021,319,1.77,180.22598870056495
274,C22,Sedadung,2,Inti,2022,Lonsum,TBM,C222022,295,2.21,133.4841628959276
275,C23,Sedadung,2,Inti,2022,Lonsum,TBM,C232022,24,0.19,126.3157894736842
276,C24,Sedadung,2,Inti,2022,Lonsum,TBM,C242022,52,0.45,115.55555555555556
277,C25,Sedadung,2,Inti,2022,Lonsum,TBM,C252022,363,2.81,129.1814946619217
278,C26,Sedadung,1,Inti,2008,Damimas,TM,C262008,4740,34.56,137.15277777777777
279,C26,Sedadung,1,Inti,2022,Lonsum,TBM,C262022,813,5.5600000000000005,146.2230215827338
280,C26,Sedadung,1,Inti,2023,Topaz,TBM,C262023,315,2.08,151.44230769230768
281,C27,Sedadung,1,Inti,2008,Damimas,TM,C272008,1740,12.14,143.32784184514003
282,C27,Sedadung,1,Inti,2020,Socfindo,TM,C272020,170,1.2,141.66666666666669
283,C28,Sedadung,1,Inti,2009,Lonsum,TM,C282009,1033,9.01,114.6503884572697
284,C29,Sedadung,2,Inti,2009,Lonsum,TM,C292009,4957,36.0,137.69444444444446
285,C29,Sedadung,2,Inti,2020,Socfindo,TM,C292020,130,0.78,166.66666666666666
286,C29,Sedadung,2,Inti,2022,Lonsum,TBM,C292022,276,1.94,142.2680412371134
287,C29,Sedadung,2,Inti,2023,Lonsum,TBM,C292023,11,0.0,0.0
288,C31,Sedadung,2,Inti,2009,Lonsum,TM,C312009,4392,33.129999999999995,132.56866888016904
289,C31,Sedadung,2,Inti,2020,Socfindo,TM,C312020,385,2.5700000000000003,149.8054474708171
290,C31,Sedadung,2,Inti,2021,Socfindo,TBM,C312021,244,1.84,132.6086956521739
291,C31,Sedadung,2,Inti,2022,Lonsum,TBM,C312022,395,2.69,146.84014869888478
292,C31,Sedadung,2,Inti,2023,Lonsum,TBM,C312023,101,0.89,113.48314606741572
293,C33,Sedadung,2,Inti,2021,Socfindo,TBM,C332021,155,1.12,138.39285714285714
294,C34,Sedadung,2,Inti,2010,Socfindo,TM,C342010,1066,9.68,110.12396694214875
295,C34,Sedadung,2,Inti,2020,Socfindo,TM,C342020,409,3.14,130.25477707006368
296,C34,Sedadung,2,Inti,2022,Lonsum,TBM,C342022,158,0.88,179.54545454545453
297,C38,Sedadung,2,Inti,2022,Lonsum,TBM,C382022,460,3.3999999999999995,135.29411764705884
298,C38,Sedadung,2,Inti,2023,Lonsum,TBM,C382023,61,0.34,179.41176470588235
299,C39,Sedadung,2,Inti,2022,Lonsum,TBM,C392022,153,1.01,151.4851485148515
300,C40,Sedadung,2,Inti,2022,Lonsum,TBM,C402022,252,1.81,139.22651933701658
301,C40,Sedadung,2,Inti,2023,Topaz,TBM,C402023,14,0.1,140.0
302,C41,Sedadung,2,Inti,2022,Lonsum,TBM,C412022,73,0.48,152.08333333333334
303,C41,Sedadung,2,Inti,2023,Lonsum,TBM,C412023,152,1.06,143.39622641509433
304,C42,Sedadung,2,Inti,2023,Lonsum,TBM,C422023,71,0.52,136.53846153846155
305,D01,Sedadung,4,Plasma,2011,Socfindo,TM,D012011,1253,19.46,64.38848920863309
306,D01,Sedadung,4,Plasma,2021,Socfindo,TBM,D012021,143,1.03,138.83495145631068
307,D01,Sedadung,4,Plasma,2022,Lonsum,TBM,D012022,1323,2.5,529.2
308,D01,Sedadung,4,Plasma,2023,Lonsum,TBM,D012023,43,0.0,0.0
309,D02,Sedadung,4,Plasma,2009,Socfindo,TM,D022009,2888,29.63,97.4687816402295
310,D02,Sedadung,4,Plasma,2021,Socfindo,TBM,D022021,77,0.7000000000000001,110.0
311,D02,Sedadung,4,Plasma,2022,Lonsum,TBM,D022022,411,0.0,0.0
312,D02,Sedadung,4,Plasma,2023,Topaz,TBM,D022023,153,0.0,0.0
313,D03,Sedadung,4,Plasma,2008,Socfindo,TM,D032008,4003,29.49,135.74092912851816
314,D03,Sedadung,4,Plasma,2020,Socfindo,TM,D032020,341,1.64,207.9268292682927
315,D03,Sedadung,4,Plasma,2022,Lonsum,TBM,D032022,42,0.0,0.0
316,D04,Sedadung,3,Inti,2008,Socfindo,TM,D042008,2964,22.14,133.87533875338755
317,D04,Sedadung,3,Inti,2020,Socfindo,TM,D042020,249,1.26,197.6190476190476
318,D05,Sedadung,3,Inti,2008,Socfindo,TM,D052008,3348,23.2,144.31034482758622
319,D05,Sedadung,3,Inti,2020,Socfindo,TM,D052020,75,0.61,122.95081967213116
320,D05,Sedadung,3,Inti,2021,Socfindo,TBM,D052021,21,0.15,140.0
321,D06,Sedadung,3,Inti,2008,Socfindo,TM,D062008,1911,13.71,139.38730853391684
322,D06,Sedadung,3,Inti,2020,Socfindo,TM,D062020,85,0.4599999999999999,184.7826086956522
323,D07,Sedadung,3,Inti,2008,Lonsum,TM,D072008,4850,37.1,130.7277628032345
324,D07,Sedadung,3,Inti,2020,Lonsum,TM,D072020,246,1.57,156.68789808917197
325,D07,Sedadung,3,Inti,2022,Lonsum,TBM,D072022,71,0.0,0.0
326,D08,Sedadung,3,Inti,2008,Lonsum,TM,D082008,3332,24.14,138.0281690140845
327,D08,Sedadung,3,Inti,2020,Socfindo,TM,D082020,141,0.3999999999999999,352.50000000000006
328,D08,Sedadung,3,Inti,2022,Lonsum,TBM,D082022,152,1.22,124.59016393442624
329,D09,Sedadung,3,Inti,2010,Lonsum,TM,D092010,2016,14.47,139.3227366966137
330,D09,Sedadung,3,Inti,2020,Socfindo,TM,D092020,49,0.22,222.72727272727272
331,D10,Sedadung,3,Inti,2010,Lonsum,TM,D102010,1444,10.92,132.23443223443223
332,D10,Sedadung,3,Inti,2020,Lonsum,TM,D102020,10,0.07,142.85714285714283
333,D10,Sedadung,3,Inti,2021,Socfindo,TBM,D102021,162,1.19,136.1344537815126
334,D10,Sedadung,3,Inti,2022,Lonsum,TBM,D102022,180,1.16,155.17241379310346
335,D11,Sedadung,4,Plasma,2009,Damimas,TM,D112009,1487,12.54,118.5805422647528
336,D11,Sedadung,4,Plasma,2022,Lonsum,TBM,D112022,73,0.29,251.7241379310345
337,D12,Sedadung,4,Plasma,2009,Socfindo,TM,D122009,3045,24.7,123.27935222672065
338,D12,Sedadung,4,Plasma,2022,Lonsum,TBM,D122022,1004,5.6000000000000005,179.28571428571428
339,D13,Sedadung,4,Plasma,2009,Socfindo,TM,D132009,3429,24.92,137.60032102728732
340,D13,Sedadung,4,Plasma,2020,Socfindo,TM,D132020,160,0.48,333.33333333333337
341,D13,Sedadung,4,Plasma,2022,Lonsum,TBM,D132022,380,2.64,143.93939393939397
342,D14,Sedadung,4,Plasma,2008,Lonsum,TM,D142008,3982,29.64,134.3454790823212
343,D14,Sedadung,4,Plasma,2020,Socfindo,TM,D142020,180,0.61,295.08196721311475
344,D14,Sedadung,4,Plasma,2022,Lonsum,TBM,D142022,160,0.0,0.0
345,D15,Sedadung,3,Inti,2008,Socfindo,TM,D152008,4008,29.53,135.72637995259058
346,D15,Sedadung,3,Inti,2020,Socfindo,TM,D152020,330,2.34,141.02564102564102
347,D16,Sedadung,3,Inti,2008,Socfindo,TM,D162008,2768,20.28,136.48915187376724
348,D16,Sedadung,3,Inti,2020,Socfindo,TM,D162020,130,0.89,146.06741573033707
349,D17,Sedadung,3,Inti,2008,Lonsum,TM,D172008,1429,10.3,138.7378640776699
350,D17,Sedadung,3,Inti,2020,Socfindo,TM,D172020,60,0.22,272.72727272727275
351,D18,Sedadung,3,Inti,2022,Lonsum,TBM,D182022,155,1.18,131.35593220338984
352,D20,Sedadung,4,Plasma,2009,Lonsum,TM,D202009,1371,11.14,123.07001795332135
353,D20,Sedadung,4,Plasma,2022,Lonsum,TBM,D202022,116,0.34,341.17647058823525
354,D22,Sedadung,4,Inti,2009,Damimas,TM,D222009,2153,19.56,110.0715746421268
355,D22,Sedadung,4,Inti,2020,Socfindo,TM,D222020,50,0.23,217.3913043478261
356,D22,Sedadung,4,Inti,2022,Lonsum,TBM,D222022,915,4.109999999999999,222.6277372262774
357,D25,Sedadung,4,Inti,2008,Damimas,TM,D252008,2265,20.32,111.46653543307086
358,D26,Sedadung,4,Inti,2008,Socfindo,TM,D262008,1979,17.87,110.74426412982652
359,D29,Sedadung,4,Inti,2010,Socfindo,TM,D292010,1406,11.35,123.87665198237886
360,D29,Sedadung,4,Inti,2020,Socfindo,TM,D292020,40,0.1,400.0
361,D29,Sedadung,4,Inti,2022,Lonsum,TBM,D292022,78,0.0,0.0
362,D31,Sedadung,4,Inti,2009,Lonsum,TM,D312009,2777,19.94,139.2678034102307
363,D31,Sedadung,4,Inti,2020,Socfindo,TM,D312020,285,2.1,135.71428571428572
364,D32,Sedadung,4,Inti,2009,Socfindo,TM,D322009,1079,7.82,137.97953964194372
365,D32,Sedadung,4,Inti,2024,Topaz,TBM,D322024,133,0.97,137.11340206185568
366,D33,Sedadung,3,Inti,2008,Lonsum,TM,D332008,2305,18.44,125.0
367,D33,Sedadung,3,Inti,2020,Lonsum,TM,D332020,131,0.92,142.3913043478261
368,D33,Sedadung,3,Inti,2022,Lonsum,TBM,D332022,34,0.26,130.76923076923077
369,D34,Sedadung,3,Inti,2008,Lonsum,TM,D342008,1297,10.54818181818182,122.95957941911574
370,D34,Sedadung,3,Inti,2020,Socfindo,TM,D342020,26,0.1818181818181818,143.0
371,D34,Sedadung,3,Inti,2022,Lonsum,TBM,D342022,23,0.0,0.0
372,D35,Sedadung,3,Inti,2008,Socfindo,TM,D352008,1593,11.956083916083916,133.23760615773344
373,D35,Sedadung,3,Inti,2020,Socfindo,TM,D352020,82,0.7939160839160839,103.28547520479168
374,D35,Sedadung,3,Inti,2022,Lonsum,TBM,D352022,159,0.91,174.72527472527472
375,D36,Sedadung,3,Inti,2010,Damimas,TM,D362010,3647,27.55,132.37749546279494
376,D36,Sedadung,3,Inti,2020,Socfindo,TM,D362020,250,1.28,195.3125
377,D36,Sedadung,3,Inti,2021,Socfindo,TBM,D362021,268,1.84,145.6521739130435
378,E39,Sedadung,6,Inti,2010,Socfindo,TM,E392010,1568,12.13,129.26628194558947
379,E39,Sedadung,6,Inti,2020,Socfindo,TM,E392020,90,0.4,225.0
380,E39,Sedadung,6,Inti,2021,Socfindo,TBM,E392021,238,1.68,141.66666666666669
381,E39,Sedadung,6,Inti,2022,Lonsum,TBM,E392022,332,2.17,152.99539170506912
382,E39,Sedadung,6,Inti,2023,Lonsum,TBM,E392023,46,0.33,139.39393939393938
383,E40,Sedadung,6,Inti,2009,Socfindo,TM,E402009,2053,15.75,130.34920634920636
384,E40,Sedadung,6,Inti,2020,Socfindo,TM,E402020,180,0.86,209.30232558139537
385,E01,Sedadung,5,Inti,2008,Socfindo,TM,E012008,2556,19.82,128.9606458123108
386,E01,Sedadung,5,Inti,2020,Socfindo,TM,E012020,382,2.06,185.4368932038835
387,E01,Sedadung,5,Inti,2021,Socfindo,TBM,E012021,133,0.96,138.54166666666669
388,E02,Sedadung,5,Inti,2008,Lonsum,TM,E022008,2456,17.93,136.9771332961517
389,E02,Sedadung,5,Inti,2020,Socfindo,TM,E022020,244,1.36,179.41176470588235
390,E03,Sedadung,5,Inti,2010,Damimas,TM,E032010,2180,16.23,134.31916204559457
391,E03,Sedadung,5,Inti,2020,Socfindo,TM,E032020,432,3.02,143.04635761589404
392,E04,Sedadung,5,Inti,2008,Socfindo,TM,E042008,1526,10.95,139.3607305936073
393,E04,Sedadung,5,Inti,2020,Socfindo,TM,E042020,52,0.19,273.6842105263158
394,E04,Sedadung,5,Inti,2022,Lonsum,TBM,E042022,21,0.0,0.0
395,E05,Sedadung,5,Inti,2010,Socfindo,TM,E052010,984,9.31,105.69280343716432
396,E05,Sedadung,5,Inti,2020,Lonsum,TM,E052020,295,2.28,129.3859649122807
397,E05,Sedadung,5,Inti,2021,Lonsum,TBM,E052021,96,0.6,160.0
398,E05,Sedadung,5,Inti,2022,Lonsum,TBM,E052022,844,6.199999999999999,136.12903225806454
399,E05,Sedadung,5,Inti,2023,Lonsum,TBM,E052023,270,0.82,329.26829268292687
400,E06,Sedadung,5,Inti,2008,Lonsum,TM,E062008,1847,13.51,136.71354552183567
401,E07,Sedadung,5,Inti,2010,Socfindo,TM,E072010,319,2.21,144.34389140271497
402,E07,Sedadung,5,Inti,2020,Socfindo,TM,E072020,20,0.12,166.66666666666669
403,E07,Sedadung,5,Inti,2022,Lonsum,TBM,E072022,88,0.2699999999999999,325.925925925926
404,E08,Sedadung,5,Inti,2008,Damimas,TM,E082008,4307,31.8,135.44025157232704
405,E08,Sedadung,5,Inti,2020,Socfindo,TM,E082020,363,2.71,133.94833948339485
406,E08,Sedadung,5,Inti,2021,Lonsum,TBM,E082021,210,1.9,110.52631578947368
407,E08,Sedadung,5,Inti,2022,Lonsum,TBM,E082022,730,4.81,151.76715176715177
408,E08,Sedadung,5,Inti,2023,Lonsum,TBM,E082023,208,1.44,144.44444444444446
409,E09,Sedadung,5,Inti,2008,Lonsum,TM,E092008,2594,19.23,134.89339573582944
410,E09,Sedadung,5,Inti,2021,Socfindo,TBM,E092021,227,1.71,132.7485380116959
411,E09,Sedadung,5,Inti,2022,Lonsum,TBM,E092022,182,1.41,129.07801418439718
412,E09,Sedadung,5,Inti,2023,Lonsum,TBM,E092023,199,1.16,171.55172413793105
413,E10,Sedadung,5,Inti,2010,Lonsum,TM,E102010,148,1.31,112.97709923664122
414,E10,Sedadung,5,Inti,2021,Lonsum,TBM,E102021,2763,20.79,132.90043290043292
415,E10,Sedadung,5,Inti,2022,Lonsum,TBM,E102022,129,0.92,140.2173913043478
416,E10,Sedadung,5,Inti,2023,Lonsum,TBM,E102023,41,0.32,128.125
417,E11,Sedadung,5,Inti,2010,Socfindo,TM,E112010,1230,8.760000000000002,140.41095890410958
418,E11,Sedadung,5,Inti,2020,Socfindo,TM,E112020,315,2.39,131.79916317991632
419,E11,Sedadung,5,Inti,2021,Socfindo,TBM,E112021,1188,8.99,132.146829810901
420,E11,Sedadung,5,Inti,2022,Lonsum,TBM,E112022,1174,8.75,134.17142857142858
421,E12,Sedadung,5,Inti,2010,Socfindo,TM,E122010,782,4.98,157.02811244979918
422,E12,Sedadung,5,Inti,2020,Socfindo,TM,E122020,1507,11.03,136.62737987307344
423,E12,Sedadung,5,Inti,2022,Lonsum,TBM,E122022,416,3.05,136.39344262295083
424,E12,Sedadung,5,Inti,2023,Lonsum,TBM,E122023,102,0.62,164.51612903225808
425,E13,Sedadung,5,Inti,2010,Damimas,TM,E132010,3545,27.14,130.61901252763448
426,E13,Sedadung,5,Inti,2020,Lonsum,TM,E132020,370,2.73,135.53113553113553
427,E13,Sedadung,5,Inti,2021,Lonsum,TBM,E132021,200,1.46,136.986301369863
428,E13,Sedadung,5,Inti,2022,Lonsum,TBM,E132022,281,2.14,131.30841121495325
429,E14,Sedadung,5,Inti,2020,Socfindo,TM,E142020,251,2.12,118.39622641509432
430,E14,Sedadung,5,Inti,2022,Lonsum,TBM,E142022,389,2.87,135.54006968641116
431,E14,Sedadung,5,Inti,2023,Lonsum,TBM,E142023,170,1.32,128.78787878787878
432,E15,Sedadung,5,Inti,2010,Socfindo,TM,E152010,2817,21.41,131.5740308267165
433,E15,Sedadung,5,Inti,2020,Socfindo,TM,E152020,1387,10.38,133.6223506743738
434,E15,Sedadung,5,Inti,2021,Socfindo,TBM,E152021,831,6.464851,128.5412455754974
435,E15,Sedadung,5,Inti,2022,Lonsum,TBM,E152022,832,5.28,157.57575757575756
436,E15,Sedadung,5,Inti,2023,Topaz,TBM,E152023,73,0.5700000000000001,128.07017543859646
437,E16,Sedadung,5,Inti,2020,Socfindo,TM,E162020,277,2.16,128.24074074074073
438,E16,Sedadung,5,Inti,2021,Socfindo,TBM,E162021,2683,20.750000000000004,129.30120481927707
439,E16,Sedadung,5,Inti,2022,Lonsum,TBM,E162022,230,1.56,147.43589743589743
440,E16,Sedadung,5,Inti,2023,Lonsum,TBM,E162023,56,0.34,164.70588235294116
441,E17,Sedadung,5,Inti,2010,Socfindo,TM,E172010,945,7.499999999999999,126.0
442,E17,Sedadung,5,Inti,2020,Socfindo,TM,E172020,985,7.190000000000001,136.99582753824754
443,E17,Sedadung,5,Inti,2021,Socfindo,TBM,E172021,145,1.02,142.15686274509804
444,E17,Sedadung,5,Inti,2023,Lonsum,TBM,E172023,54,0.38,142.10526315789474
445,E18,Sedadung,5,Inti,2022,Lonsum,TBM,E182022,379,2.75,137.8181818181818
446,E18,Sedadung,5,Inti,2023,Lonsum,TBM,E182023,49,0.32,153.125
447,E19,Sedadung,5,Inti,2022,Lonsum,TBM,E192022,438,3.3200000000000003,131.9277108433735
448,E20,Sedadung,6,Plasma,2013,Damimas,TM,E202013,1314,11.91,110.32745591939546
449,E20,Sedadung,6,Plasma,2020,Socfindo,TM,E202020,614,1.52,403.9473684210526
450,E20,Sedadung,6,Plasma,2021,Socfindo,TBM,E202021,3343,24.21,138.08343659644774
451,E20,Sedadung,6,Plasma,2022,Lonsum,TBM,E202022,1723,11.5,149.82608695652175
452,E20,Sedadung,6,Plasma,2023,Lonsum,TBM,E202023,87,0.5,174.0
453,E21,Sedadung,6,Plasma,2023,Lonsum,TBM,E212023,35,0.23,152.17391304347825
454,E22,Sedadung,6,Plasma,2022,Lonsum,TBM,E222022,561,3.42,164.03508771929825
455,E22,Sedadung,6,Plasma,2023,Sriwijaya,TBM,E222023,421,3.08,136.68831168831167
456,E23,Sedadung,6,Plasma,2011,Lonsum,TM,E232011,2225,20.76,107.17726396917148
457,E23,Sedadung,6,Plasma,2021,Socfindo,TBM,E232021,1761,11.77,149.6176720475786
458,E23,Sedadung,6,Plasma,2022,Lonsum,TBM,E232022,450,2.37,189.873417721519
459,E24,Sedadung,6,Plasma,2012,Lonsum,TM,E242012,1610,13.98,115.1645207439199
460,E24,Sedadung,6,Plasma,2021,Socfindo,TBM,E242021,5495,37.4,146.92513368983958
461,E24,Sedadung,6,Plasma,2022,Lonsum,TBM,E242022,984,6.69,147.08520179372198
462,E24,Sedadung,6,Plasma,2023,Sriwijaya,TBM,E242023,18,0.1,180.0
463,E25,Sedadung,6,Inti,2009,Lonsum,TM,E252009,1993,15.58,127.9204107830552
464,E25,Sedadung,6,Inti,2020,Socfindo,TM,E252020,118,0.51,231.37254901960785
465,E26,Sedadung,6,Inti,2009,Lonsum,TM,E262009,2503,17.87,140.0671516508114
466,E26,Sedadung,6,Inti,2020,Socfindo,TM,E262020,224,1.04,215.3846153846154
467,E26,Sedadung,6,Inti,2021,Socfindo,TBM,E262021,177,1.2000000000000002,147.49999999999997
468,E26,Sedadung,6,Inti,2022,Lonsum,TBM,E262022,848,5.819999999999999,145.7044673539519
469,E26,Sedadung,6,Inti,2023,Lonsum,TBM,E262023,74,0.6699999999999999,110.44776119402988
470,E26,Sedadung,6,Inti,2024,Topaz,TBM,E262024,207,1.64,126.21951219512196
471,E27,Sedadung,6,Inti,2009,Lonsum,TM,E272009,1692,14.51,116.6092350103377
472,E27,Sedadung,6,Inti,2020,Socfindo,TM,E272020,68,0.17,400.0
473,E27,Sedadung,6,Inti,2022,Lonsum,TBM,E272022,184,0.6,306.6666666666667
474,E28,Sedadung,6,Inti,2009,Socfindo,TM,E282009,3968,27.43,144.65913233685745
475,E28,Sedadung,6,Inti,2020,Socfindo,TM,E282020,680,4.85,140.20618556701032
476,E28,Sedadung,6,Inti,2021,Lonsum,TBM,E282021,1845,13.440651,137.2701366920397
477,E28,Sedadung,6,Inti,2022,Lonsum,TBM,E282022,971,6.49,149.61479198767333
478,E28,Sedadung,6,Inti,2023,Lonsum,TBM,E282023,95,0.72,131.94444444444446
479,E29,Sedadung,6,Inti,2009,Lonsum,TM,E292009,3791,31.770000000000003,119.32640856153604
480,E29,Sedadung,6,Inti,2020,Socfindo,TM,E292020,323,1.82,177.47252747252747
481,E29,Sedadung,6,Inti,2021,Socfindo,TBM,E292021,655,4.94,132.59109311740892
482,E29,Sedadung,6,Inti,2022,Lonsum,TBM,E292022,195,1.21,161.15702479338844
483,E29,Sedadung,6,Inti,2023,Lonsum,TBM,E292023,68,0.52,130.76923076923077
484,E30,Sedadung,6,Inti,2009,Lonsum,TM,E302009,1574,9.94,158.3501006036217
485,E30,Sedadung,6,Inti,2020,Socfindo,TM,E302020,5,0.03,166.66666666666669
486,E31,Sedadung,6,Inti,2009,Lonsum,TM,E312009,2113,16.93,124.80803307737744
487,E31,Sedadung,6,Inti,2021,Socfindo,TBM,E312021,100,0.87,114.94252873563218
488,E31,Sedadung,6,Inti,2022,Lonsum,TBM,E312022,118,0.54,218.5185185185185
489,E32,Sedadung,5,Inti,2010,Socfindo,TM,E322010,1066,7.19,148.2614742698192
490,E32,Sedadung,5,Inti,2021,Socfindo,TBM,E322021,80,0.75,106.66666666666669
491,E32,Sedadung,5,Inti,2022,Lonsum,TBM,E322022,578,3.96,145.95959595959596
492,E32,Sedadung,5,Inti,2023,Lonsum,TBM,E322023,639,4.29,148.95104895104896
493,E33,Sedadung,5,Inti,2010,Socfindo,TM,E332010,3596,25.71,139.86775573706728
494,E33,Sedadung,5,Inti,2020,Socfindo,TM,E332020,123,0.59,208.4745762711865
495,E33,Sedadung,5,Inti,2021,Lonsum,TBM,E332021,1246,8.93,139.5296752519597
496,E33,Sedadung,5,Inti,2022,Lonsum,TBM,E332022,116,0.75,154.66666666666666
497,E33,Sedadung,5,Inti,2023,Topaz,TBM,E332023,273,1.77,154.23728813559322
498,E34,Sedadung,6,Inti,2009,Socfindo,TM,E342009,2202,16.56,132.97101449275362
499,E34,Sedadung,6,Inti,2020,Socfindo,TM,E342020,122,0.4,305.0
500,E34,Sedadung,6,Inti,2021,Socfindo,TBM,E342021,1090,7.901022,137.95683647001616
501,E34,Sedadung,6,Inti,2022,Lonsum,TBM,E342022,642,4.4,145.9090909090909
502,E35,Sedadung,6,Inti,2010,Damimas,TM,E352010,2552,19.19,132.98593017196455
503,E35,Sedadung,6,Inti,2020,Socfindo,TM,E352020,202,0.8099999999999999,249.38271604938276
504,E35,Sedadung,6,Inti,2021,Socfindo,TBM,E352021,1729,13.169999999999998,131.28321943811696
505,E35,Sedadung,6,Inti,2022,Lonsum,TBM,E352022,643,4.220000000000001,152.36966824644549
506,E35,Sedadung,6,Inti,2023,Lonsum,TBM,E352023,244,1.83,133.33333333333331
507,E36,Sedadung,6,Inti,2009,Lonsum,TM,E362009,1323,11.93,110.89689857502096
508,E36,Sedadung,6,Inti,2020,Socfindo,TM,E362020,177,0.99,178.78787878787878
509,E36,Sedadung,6,Inti,2021,Socfindo,TBM,E362021,1676,12.1,138.51239669421489
510,E36,Sedadung,6,Inti,2022,Lonsum,TBM,E362022,394,2.58,152.71317829457365
511,E36,Sedadung,6,Inti,2023,Lonsum,TBM,E362023,6,0.05,120.0
512,E37,Sedadung,6,Plasma,2011,Damimas,TM,E372011,686,6.79,101.03092783505154
513,E37,Sedadung,6,Plasma,2020,Socfindo,TM,E372020,688,5.359999999999999,128.3582089552239
514,E37,Sedadung,6,Plasma,2021,Socfindo,TBM,E372021,2000,14.87,134.49899125756556
515,E37,Sedadung,6,Plasma,2022,Lonsum,TBM,E372022,3239,23.42,138.30059777967548
516,E37,Sedadung,6,Plasma,2023,Lonsum,TBM,E372023,94,0.5900000000000001,159.32203389830505
517,E38,Sedadung,6,Inti,2021,Socfindo,TBM,E382021,1424,9.81,145.158002038736
518,E38,Sedadung,6,Inti,2022,Lonsum,TBM,E382022,301,1.95,154.35897435897436
519,F01,Tugang,1,Plasma,2010,Socfindo,TM,F012010,928,11.75,78.97872340425532
520,F01,Tugang,1,Plasma,2021,Socfindo,TBM,F012021,114,0.8300000000000001,137.34939759036143
521,F01,Tugang,1,Plasma,2022,Socfindo,TBM,F012022,565,0.94,601.0638297872341
522,F02,Tugang,1,Plasma,2010,Socfindo,TM,F022010,1690,17.12,98.71495327102804
523,F02,Tugang,1,Plasma,2021,Socfindo,TBM,F022021,113,0.81,139.50617283950618
524,F02,Tugang,1,Plasma,2022,Socfindo,TBM,F022022,355,2.21,160.63348416289594
525,F02,Tugang,1,Plasma,2023,Sriwijaya,TBM,F022023,130,0.0,0.0
526,F03,Tugang,1,Plasma,2010,Lonsum,TM,F032010,1734,18.450000000000003,93.98373983739836
527,F03,Tugang,1,Plasma,2021,Lonsum,TBM,F032021,330,2.33,141.63090128755366
528,F03,Tugang,1,Plasma,2022,Socfindo,TBM,F032022,162,0.77,210.3896103896104
529,F03,Tugang,1,Plasma,2023,Lonsum,TBM,F032023,3044,17.7,171.9774011299435
530,F04,Tugang,1,Plasma,2009,Lonsum,TM,F042009,2981,23.8,125.25210084033613
531,F04,Tugang,1,Plasma,2021,Lonsum,TBM,F042021,241,1.77,136.1581920903955
532,F04,Tugang,1,Plasma,2023,Sriwijaya,TBM,F042023,130,0.0,0.0
533,F05,Tugang,1,Plasma,2009,Lonsum,TM,F052009,1030,9.25,111.35135135135135
534,F05,Tugang,1,Plasma,2021,Lonsum,TBM,F052021,78,0.52,150.0
535,F05,Tugang,1,Plasma,2022,Socfindo,TBM,F052022,276,1.3099999999999998,210.6870229007634
536,F05,Tugang,1,Plasma,2023,Sriwijaya,TBM,F052023,762,5.050000000000001,150.89108910891088
537,F06,Tugang,1,Inti,2008,Lonsum,TM,F062008,2757,23.82,115.74307304785894
538,F06,Tugang,1,Inti,2021,Lonsum,TBM,F062021,418,3.01,138.8704318936877
539,F06,Tugang,1,Inti,2023,Sriwijaya,TBM,F062023,143,0.4599999999999999,310.8695652173913
540,F07,Tugang,1,Plasma,2009,Lonsum,TM,F072009,2513,20.05,125.3366583541147
541,F07,Tugang,1,Plasma,2021,Lonsum,TBM,F072021,173,1.33,130.0751879699248
542,F07,Tugang,1,Plasma,2022,Socfindo,TBM,F072022,1940,14.11,137.49114103472715
543,F07,Tugang,1,Plasma,2023,Lonsum,TBM,F072023,59,0.1200000000000001,491.666666666666
544,F08,Tugang,2,Plasma,2009,Lonsum,TM,F082009,896,7.43,120.59219380888293
545,F08,Tugang,2,Plasma,2022,Socfindo,TBM,F082022,262,1.99,131.65829145728642
546,F08,Tugang,2,Plasma,2023,Topaz,TBM,F082023,628,4.300000000000001,146.04651162790697
547,F09,Tugang,1,Inti,2009,Lonsum,TM,F092009,2527,19.63,128.73153336729496
548,F09,Tugang,1,Inti,2021,Lonsum,TBM,F092021,111,1.07,103.73831775700934
549,F10,Tugang,1,Plasma,2009,Lonsum,TM,F102009,2861,23.58,121.33163698049196
550,F11,Tugang,2,Plasma,2009,Lonsum,TM,F112009,2783,23.31,119.3908193908194
551,F11,Tugang,2,Plasma,2022,Socfindo,TBM,F112022,56,0.43,130.2325581395349
552,F11,Tugang,2,Plasma,2023,Sriwijaya,TBM,F112023,10,0.11,90.9090909090909
553,F12,Tugang,1,Inti,2008,Lonsum,TM,F122008,1372,10.46,131.16634799235183
554,F12,Tugang,1,Inti,2021,Lonsum,TBM,F122021,59,0.39,151.28205128205127
555,F13,Tugang,1,Inti,2009,Lonsum,TM,F132009,2978,22.46,132.5912733748887
556,F13,Tugang,1,Inti,2022,Socfindo,TBM,F132022,123,0.69,178.2608695652174
557,F14,Tugang,2,Inti,2009,Lonsum,TM,F142009,3908,33.41,116.97096677641426
558,F14,Tugang,2,Inti,2022,Lonsum,TBM,F142022,701,5.18,135.32818532818533
559,F14,Tugang,2,Inti,2023,Sriwijaya,TBM,F142023,267,0.99,269.6969696969697
560,F15,Tugang,1,Inti,2009,Lonsum,TM,F152009,1844,13.670000000000002,134.89392831016823
561,F15,Tugang,1,Inti,2020,Socfindo,TM,F152020,27,0.04,675.0
562,F16,Tugang,1,Inti,2009,Lonsum,TM,F162009,471,3.51,134.18803418803418
563,F16,Tugang,1,Inti,2021,Socfindo,TBM,F162021,116,0.89,130.3370786516854
564,F17,Tugang,1,Inti,2010,Socfindo,TM,F172010,1243,8.72,142.545871559633
565,F17,Tugang,1,Inti,2020,Socfindo,TM,F172020,36,0.13,276.9230769230769
566,F17,Tugang,1,Inti,2021,Lonsum,TBM,F172021,137,1.02,134.31372549019608
567,F17,Tugang,1,Inti,2022,Socfindo,TBM,F172022,193,1.41,136.87943262411346
568,F17,Tugang,1,Inti,2023,Sriwijaya,TBM,F172023,101,0.83,121.6867469879518
569,F18,Tugang,1,Inti,2010,Socfindo,TM,F182010,3659,26.01,140.67666282199156
570,F18,Tugang,1,Inti,2020,Socfindo,TM,F182020,39,0.27,144.44444444444443
571,F18,Tugang,1,Inti,2021,Socfindo,TBM,F182021,221,1.48,149.32432432432432
572,F18,Tugang,1,Inti,2022,Lonsum,TBM,F182022,191,1.35,141.48148148148147
573,F19,Tugang,1,Inti,2014,Lonsum,TM,F192014,0,0.0,0.0
574,F19,Tugang,1,Inti,2021,Lonsum,TBM,F192021,219,1.34,163.43283582089552
575,F19,Tugang,1,Inti,2022,Lonsum,TBM,F192022,691,5.19,133.14065510597302
576,F19,Tugang,1,Inti,2023,Sriwijaya,TBM,F192023,183,1.56,117.3076923076923
577,F21,Tugang,2,Inti,2010,Damimas,TM,F212010,363,3.8,95.52631578947368
578,F21,Tugang,2,Inti,2020,Socfindo,TM,F212020,506,3.66,138.25136612021856
579,F22,Tugang,2,Inti,2010,Socfindo,TM,F222010,1106,7.77,142.34234234234236
580,F22,Tugang,2,Inti,2020,Socfindo,TM,F222020,2814,22.96,122.5609756097561
581,F22,Tugang,2,Inti,2021,Socfindo,TBM,F222021,929,7.799999999999999,119.10256410256412
582,F22,Tugang,2,Inti,2022,Socfindo,TBM,F222022,1805,14.57,123.8846945778998
583,F22,Tugang,2,Inti,2023,Lonsum,TBM,F222023,502,3.29,152.5835866261398
584,F23,Tugang,2,Plasma,2010,Lonsum,TM,F232010,2368,18.29,129.4696555494806
585,F23,Tugang,2,Plasma,2020,Socfindo,TM,F232020,230,2.48,92.74193548387098
586,F23,Tugang,2,Plasma,2021,Socfindo,TBM,F232021,79,0.54,146.29629629629628
587,F23,Tugang,2,Plasma,2022,Socfindo,TBM,F232022,103,0.81,127.16049382716048
588,F23,Tugang,2,Plasma,2023,Lonsum,TBM,F232023,1240,12.7,97.63779527559056
589,F24,Tugang,2,Plasma,2011,Damimas,TM,F242011,2047,16.95,120.7669616519174
590,F24,Tugang,2,Plasma,2021,Socfindo,TBM,F242021,854,6.11,139.77086743044188
591,F24,Tugang,2,Plasma,2022,Socfindo,TBM,F242022,61,0.44,138.63636363636363
592,F24,Tugang,2,Plasma,2023,Lonsum,TBM,F242023,339,1.99,170.35175879396988
593,F25,Tugang,1,Inti,2010,Socfindo,TM,F252010,3035,21.03,144.31764146457442
594,F25,Tugang,1,Inti,2020,Socfindo,TM,F252020,131,0.64,204.6875
595,F26,Tugang,1,Inti,2009,Lonsum,TM,F262009,2717,18.09,150.1934770591487
596,F26,Tugang,1,Inti,2020,Socfindo,TM,F262020,372,2.94,126.53061224489797
597,F26,Tugang,1,Inti,2022,Sriwijaya,TBM,F262022,138,1.01,136.63366336633663
598,F27,Tugang,1,Inti,2009,Lonsum,TM,F272009,2866,19.97,143.51527290936403
599,F27,Tugang,1,Inti,2020,Socfindo,TM,F272020,260,1.34,194.02985074626864
600,F27,Tugang,1,Inti,2021,Socfindo,TBM,F272021,82,0.7,117.14285714285715
601,F27,Tugang,1,Inti,2022,Lonsum,TBM,F272022,1101,7.91,139.19089759797723
602,F27,Tugang,1,Inti,2023,Lonsum,TBM,F272023,304,2.38,127.7310924369748
603,F28,Tugang,1,Inti,2009,Lonsum,TM,F282009,4981,35.8,139.13407821229052
604,F28,Tugang,1,Inti,2020,Socfindo,TM,F282020,361,1.89,191.00529100529096
605,F28,Tugang,1,Inti,2021,Socfindo,TBM,F282021,54,0.25,216.0
606,F28,Tugang,1,Inti,2022,Sriwijaya,TBM,F282022,301,2.41,124.89626556016596
607,F29,Tugang,1,Inti,2009,Lonsum,TM,F292009,1243,8.52,145.89201877934272
608,F29,Tugang,1,Inti,2020,Socfindo,TM,F292020,254,1.81,140.3314917127072
609,F29,Tugang,1,Inti,2021,Lonsum,TBM,F292021,367,2.23,164.57399103139014
610,F29,Tugang,1,Inti,2022,Socfindo,TBM,F292022,516,3.78,136.5079365079365
611,F29,Tugang,1,Inti,2023,Lonsum,TBM,F292023,100,0.69,144.92753623188406
612,F30,Tugang,1,Inti,2021,Lonsum,TBM,F302021,679,4.8,141.45833333333334
613,F30,Tugang,1,Inti,2022,Socfindo,TBM,F302022,111,0.96,115.625
614,F30,Tugang,1,Inti,2023,Socfindo,TBM,F302023,516,3.29,156.838905775076
615,F31,Tugang,2,Inti,2010,Socfindo,TM,F312010,3426,23.97,142.92866082603254
616,F31,Tugang,2,Inti,2020,Socfindo,TM,F312020,1483,11.15,133.00448430493273
617,F31,Tugang,2,Inti,2021,Socfindo,TBM,F312021,694,5.16,134.49612403100775
618,F31,Tugang,2,Inti,2022,Lonsum,TBM,F312022,1817,13.77,131.95352214960056
619,F32,Tugang,2,Inti,2010,Lonsum,TM,F322010,3906,30.32,128.8258575197889
620,F32,Tugang,2,Inti,2020,Socfindo,TM,F322020,1229,8.73,140.77892325315003
621,F32,Tugang,2,Inti,2021,Socfindo,TBM,F322021,56,0.43,130.2325581395349
622,F33,Tugang,2,Plasma,2009,Lonsum,TM,F332009,4278,31.680000000000003,135.03787878787878
623,F33,Tugang,2,Plasma,2020,Socfindo,TM,F332020,483,3.0,161.0
624,F33,Tugang,2,Plasma,2021,Socfindo,TBM,F332021,25,0.2,125.0
625,F33,Tugang,2,Plasma,2022,Lonsum,TBM,F332022,18,0.15,120.0
626,F33,Tugang,2,Plasma,2023,Socfindo,TBM,F332023,119,0.37,321.6216216216216
627,F34,Tugang,2,Plasma,2009,Lonsum,TM,F342009,1814,11.89,152.56518082422204
628,F34,Tugang,2,Plasma,2021,Socfindo,TBM,F342021,376,2.406768,156.22610903917618
629,F34,Tugang,2,Plasma,2022,Lonsum,TBM,F342022,24,0.21,114.28571428571428
630,F35,Tugang,2,Plasma,2010,Lonsum,TM,F352010,1746,13.04,133.8957055214724
631,F35,Tugang,2,Plasma,2021,Socfindo,TBM,F352021,368,2.88,127.7777777777778
632,F35,Tugang,2,Plasma,2022,Socfindo,TBM,F352022,1034,7.72,133.9378238341969
633,F35,Tugang,2,Plasma,2023,Sriwijaya,TBM,F352023,746,5.51,135.39019963702358
634,F37,Tugang,2,Inti,2009,Lonsum,TM,F372009,4148,29.51,140.56252117926127
635,F37,Tugang,2,Inti,2020,Socfindo,TM,F372020,563,3.42,164.6198830409357
636,F37,Tugang,2,Inti,2021,Socfindo,TBM,F372021,458,3.06,149.67320261437908
637,F37,Tugang,2,Inti,2022,Socfindo,TBM,F372022,214,1.64,130.48780487804876
638,F37,Tugang,2,Inti,2023,Socfindo,TBM,F372023,117,0.97,120.61855670103093
639,F38,Tugang,2,Inti,2009,Lonsum,TM,F382009,2107,15.69,134.289356277884
640,F38,Tugang,2,Inti,2020,Socfindo,TM,F382020,56,0.21,266.6666666666667
641,G01,Tugang,3,Inti,2010,Lonsum,TM,G012010,3617,27.64,130.86107091172215
642,G01,Tugang,3,Inti,2020,Socfindo,TM,G012020,267,1.17,228.20512820512823
643,G01,Tugang,3,Inti,2021,Socfindo,TBM,G012021,150,1.09,137.61467889908258
644,G01,Tugang,3,Inti,2022,Socfindo,TBM,G012022,57,0.31,183.8709677419355
645,G01,Tugang,3,Inti,2023,Socfindo,TBM,G012023,1275,8.82,144.5578231292517
646,G02,Tugang,3,Inti,2009,Lonsum,TM,G022009,3078,22.55,136.49667405764967
647,G02,Tugang,3,Inti,2020,Socfindo,TM,G022020,761,5.56,136.8705035971223
648,G02,Tugang,3,Inti,2021,Socfindo,TBM,G022021,58,0.33,175.75757575757575
649,G02,Tugang,3,Inti,2022,Socfindo,TBM,G022022,473,4.0,118.25
650,G02,Tugang,3,Inti,2023,Socfindo,TBM,G022023,88,0.75,117.33333333333331
651,G03,Tugang,3,Inti,2009,Lonsum,TM,G032009,3638,27.42,132.6768781911014
652,G03,Tugang,3,Inti,2020,Socfindo,TM,G032020,395,3.02,130.79470198675497
653,G03,Tugang,3,Inti,2021,Socfindo,TBM,G032021,1092,6.859999999999999,159.18367346938777
654,G03,Tugang,3,Inti,2022,Sriwijaya,TBM,G032022,103,0.52,198.07692307692307
655,G04,Tugang,3,Inti,2010,Lonsum,TM,G042010,1945,14.73,132.04344874405973
656,G04,Tugang,3,Inti,2020,Socfindo,TM,G042020,200,1.19,168.0672268907563
657,G05,Tugang,3,Inti,2009,Lonsum,TM,G052009,1074,7.52,142.81914893617022
658,G05,Tugang,3,Inti,2020,Socfindo,TM,G052020,32,0.11,290.90909090909093
659,G06,Tugang,3,Inti,2009,Lonsum,TM,G062009,3327,24.17,137.6499793131982
660,G06,Tugang,3,Inti,2020,Socfindo,TM,G062020,254,0.73,347.94520547945206
661,G06,Tugang,3,Inti,2021,Socfindo,TBM,G062021,60,0.46,130.43478260869566
662,G07,Tugang,3,Inti,2009,Lonsum,TM,G072009,4764,31.03,153.52884305510798
663,G07,Tugang,3,Inti,2020,Socfindo,TM,G072020,360,1.22,295.08196721311475
664,G07,Tugang,3,Inti,2021,Socfindo,TBM,G072021,200,1.36,147.05882352941177
665,G07,Tugang,3,Inti,2022,Sriwijaya,TBM,G072022,41,0.33,124.24242424242424
666,G07,Tugang,3,Inti,2023,Socfindo,TBM,G072023,401,2.83,141.69611307420493
667,G08,Tugang,3,Inti,2009,Lonsum,TM,G082009,2327,17.23,135.0551363900174
668,G08,Tugang,3,Inti,2021,Socfindo,TBM,G082021,1037,7.34,141.28065395095368
669,G08,Tugang,3,Inti,2023,Lonsum,TBM,G082023,143,1.03,138.83495145631068
670,G09,Tugang,3,Inti,2009,Lonsum,TM,G092009,5192,38.77,133.91797781790046
671,G09,Tugang,3,Inti,2020,Socfindo,TM,G092020,194,0.61,318.0327868852459
672,G09,Tugang,3,Inti,2021,Lonsum,TBM,G092021,1023,7.399999999999999,138.24324324324326
673,G09,Tugang,3,Inti,2022,Sriwijaya,TBM,G092022,458,3.64,125.82417582417582
674,G10,Tugang,3,Inti,2010,Socfindo,TM,G102010,4006,25.45,157.40667976424362
675,G10,Tugang,3,Inti,2020,Socfindo,TM,G102020,109,0.71,153.5211267605634
676,G11,Tugang,3,Inti,2009,Lonsum,TM,G112009,5259,32.13999999999999,163.62787803360305
677,G11,Tugang,3,Inti,2020,Socfindo,TM,G112020,193,0.68,283.8235294117647
678,G11,Tugang,3,Inti,2021,Lonsum,TBM,G112021,1614,11.05,146.0633484162896
679,G11,Tugang,3,Inti,2022,Socfindo,TBM,G112022,115,0.9,127.77777777777776
680,G11,Tugang,3,Inti,2023,Socfindo,TBM,G112023,16,0.1,160.0
681,G12,Tugang,3,Inti,2010,Socfindo,TM,G122010,3001,22.03,136.2233318202451
682,G12,Tugang,3,Inti,2020,Socfindo,TM,G122020,275,1.5200000000000002,180.92105263157893
683,G12,Tugang,3,Inti,2021,Socfindo,TBM,G122021,370,2.75,134.54545454545453
684,G12,Tugang,3,Inti,2022,Lonsum,TBM,G122022,736,5.72,128.67132867132867
685,G13,Tugang,4,Inti,2010,Socfindo,TM,G132010,2426,20.55,118.05352798053528
686,G13,Tugang,4,Inti,2021,Socfindo,TBM,G132021,965,6.78,142.33038348082596
687,G13,Tugang,4,Inti,2022,Socfindo,TBM,G132022,1391,10.71,129.8786181139122
688,G15,Tugang,4,Inti,2010,Lonsum,TM,G152010,3475,24.005314685314683,144.759610342698
689,G15,Tugang,4,Inti,2020,Socfindo,TM,G152020,314,1.8846853146853144,166.60606285481057
690,G15,Tugang,4,Inti,2021,Socfindo,TBM,G152021,736,4.93,149.290060851927
691,G15,Tugang,4,Inti,2022,Sriwijaya,TBM,G152022,225,1.78,126.40449438202246
692,G15,Tugang,4,Inti,2023,Socfindo,TBM,G152023,63,0.46,136.95652173913044
693,G16,Tugang,4,Inti,2009,Lonsum,TM,G162009,2589,18.68,138.59743040685223
694,G16,Tugang,4,Inti,2020,Socfindo,TM,G162020,150,0.9,166.66666666666666
695,G16,Tugang,4,Inti,2021,Socfindo,TBM,G162021,1078,7.312004000000001,147.4288033759281
696,G16,Tugang,4,Inti,2022,Sriwijaya,TBM,G162022,157,1.2100000000000002,129.75206611570246
697,G16,Tugang,4,Inti,2023,Socfindo,TBM,G162023,259,1.97,131.47208121827413
698,G17,Tugang,4,Plasma,2011,Damimas,TM,G172011,1395,10.805944055944057,129.09561559618183
699,G17,Tugang,4,Plasma,2020,Socfindo,TM,G172020,357,2.754055944055944,129.62699641977505
700,G17,Tugang,4,Plasma,2021,Socfindo,TBM,G172021,1381,10.33,133.68828654404646
701,G17,Tugang,4,Plasma,2022,Socfindo,TBM,G172022,1048,7.91,132.4905183312263
702,G17,Tugang,4,Plasma,2023,Socfindo,TBM,G172023,341,2.57,132.68482490272373
703,G18,Tugang,4,Inti,2010,Socfindo,TM,G182010,2297,16.97,135.35651149086624
704,G18,Tugang,4,Inti,2020,Socfindo,TM,G182020,294,0.84,350.0
705,G18,Tugang,4,Inti,2021,Socfindo,TBM,G182021,684,4.3500000000000005,157.2413793103448
706,G18,Tugang,4,Inti,2022,Socfindo,TBM,G182022,143,1.01,141.5841584158416
707,G19,Tugang,4,Inti,2009,Lonsum,TM,G192009,2443,17.45,140.0
708,G19,Tugang,4,Inti,2020,Socfindo,TM,G192020,168,0.5900000000000001,284.7457627118644
709,G19,Tugang,4,Inti,2021,Socfindo,TBM,G192021,1182,8.239999999999998,143.4466019417476
710,G19,Tugang,4,Inti,2022,Lonsum,TBM,G192022,270,1.92,140.625
711,G20,Tugang,4,Plasma,2011,Damimas,TM,G202011,1637,15.973496503496502,102.48225863646512
712,G20,Tugang,4,Plasma,2020,Socfindo,TM,G202020,1421,11.576503496503497,122.74863480404
713,G20,Tugang,4,Plasma,2021,Socfindo,TBM,G202021,2144,17.119999999999997,125.2336448598131
714,G20,Tugang,4,Plasma,2022,Socfindo,TBM,G202022,1702,10.74,158.4729981378026
715,G20,Tugang,4,Plasma,2023,Socfindo,TBM,G202023,271,1.96,138.26530612244898
716,G21,Tugang,4,Plasma,2010,Lonsum,TM,G212010,111,1.56,71.15384615384615
717,G21,Tugang,4,Plasma,2021,Socfindo,TBM,G212021,103,0.79,130.37974683544303
718,G21,Tugang,4,Plasma,2022,Socfindo,TBM,G212022,360,2.45,146.93877551020407
719,G22,Tugang,4,Inti,2010,Socfindo,TM,G222010,2055,15.37,133.70201691607028
720,G22,Tugang,4,Inti,2020,Socfindo,TM,G222020,297,1.53,194.11764705882356
721,G23,Tugang,4,Inti,2010,Socfindo,TM,G232010,3579,27.35,130.85923217550274
722,G23,Tugang,4,Inti,2020,Socfindo,TM,G232020,403,2.08,193.75
723,G23,Tugang,4,Inti,2021,Socfindo,TBM,G232021,10,0.12,83.33333333333334
724,G23,Tugang,4,Inti,2022,Socfindo,TBM,G232022,157,1.26,124.6031746031746
725,G24,Tugang,4,Inti,2009,Lonsum,TM,G242009,4226,25.03,168.837395125849
726,G24,Tugang,4,Inti,2020,Socfindo,TM,G242020,694,3.96,175.25252525252523
727,G24,Tugang,4,Inti,2021,Socfindo,TBM,G242021,1619,12.224132,132.4429415520055
728,G24,Tugang,4,Inti,2022,Socfindo,TBM,G242022,147,1.13,130.08849557522126
729,G28,Tugang,4,Inti,2010,Lonsum,TM,G282010,1362,9.27,146.92556634304208
730,G28,Tugang,4,Inti,2021,Socfindo,TBM,G282021,2243,17.36,129.20506912442397
731,G28,Tugang,4,Inti,2022,Socfindo,TBM,G282022,1097,8.27,132.64812575574365
732,H01,Tugang,5,Plasma,2010,Socfindo,TM,H012010,1127,8.76,128.65296803652967
733,H01,Tugang,5,Plasma,2020,Socfindo,TM,H012020,70,0.38,184.21052631578948
734,H01,Tugang,5,Plasma,2021,Socfindo,TBM,H012021,805,5.629999999999999,142.9840142095915
735,H01,Tugang,5,Plasma,2022,Socfindo,TBM,H012022,438,3.37,129.97032640949556
736,H02,Tugang,5,Plasma,2010,Damimas,TM,H022010,2090,15.34,136.245110821382
737,H02,Tugang,5,Plasma,2020,Socfindo,TM,H022020,48,0.15,320.0
738,H02,Tugang,5,Plasma,2021,Socfindo,TBM,H022021,79,0.66,119.69696969696967
739,H02,Tugang,5,Plasma,2022,Socfindo,TBM,H022022,82,0.59,138.98305084745763
740,H02,Tugang,5,Plasma,2023,Lonsum,TBM,H022023,1447,10.75,134.6046511627907
741,H03,Tugang,5,Plasma,2009,Damimas,TM,H032009,1154,9.35,123.42245989304811
742,H03,Tugang,5,Plasma,2020,Socfindo,TM,H032020,0,0.0,0.0
743,H03,Tugang,5,Plasma,2021,Socfindo,TBM,H032021,257,1.89,135.97883597883597
744,H03,Tugang,5,Plasma,2022,Socfindo,TBM,H032022,104,0.71,146.47887323943664
745,H04,Tugang,5,Inti,2009,Lonsum,TM,H042009,1244,9.24,134.63203463203462
746,H04,Tugang,5,Inti,2020,Socfindo,TM,H042020,44,0.19,231.57894736842104
747,H05,Tugang,5,Inti,2010,Socfindo,TM,H052010,1551,11.7,132.56410256410254
748,H05,Tugang,5,Inti,2020,Socfindo,TM,H052020,31,0.19,163.1578947368421
749,H05,Tugang,5,Inti,2022,Lonsum,TBM,H052022,208,1.63,127.60736196319016
750,H06,Tugang,5,Inti,2009,Damimas,TM,H062009,2846,20.93,135.97706641184902
751,H06,Tugang,5,Inti,2020,Socfindo,TM,H062020,28,0.17,164.70588235294116
752,H07,Tugang,5,Inti,2009,Lonsum,TM,H072009,2759,20.43,135.04650024473813
753,H07,Tugang,5,Inti,2020,Socfindo,TM,H072020,45,0.12,375.0
754,H07,Tugang,5,Inti,2021,Socfindo,TBM,H072021,263,2.07,127.05314009661836
755,H07,Tugang,5,Inti,2022,Socfindo,TBM,H072022,215,1.28,167.96875
756,H08,Tugang,5,Plasma,2009,Lonsum,TM,H082009,2289,17.35,131.9308357348703
757,H08,Tugang,5,Plasma,2020,Socfindo,TM,H082020,98,0.52,188.46153846153845
758,H09,Tugang,5,Plasma,2009,Socfindo,TM,H092009,3244,25.42,127.61605035405192
759,H09,Tugang,5,Plasma,2020,Socfindo,TM,H092020,140,0.59,237.28813559322035
760,H09,Tugang,5,Plasma,2021,Socfindo,TBM,H092021,292,2.14,136.4485981308411
761,H09,Tugang,5,Plasma,2022,Lonsum,TBM,H092022,1248,8.8,141.8181818181818
762,H09,Tugang,5,Plasma,2023,Lonsum,TBM,H092023,1231,8.38,146.89737470167063
763,H10,Tugang,5,Inti,2009,Damimas,TM,H102009,1729,13.02,132.7956989247312
764,H10,Tugang,5,Inti,2020,Socfindo,TM,H102020,18,0.21,85.71428571428572
765,H10,Tugang,5,Inti,2023,Lonsum,TBM,H102023,175,1.3,134.6153846153846
766,H11,Tugang,5,Inti,2009,Lonsum,TM,H112009,2021,19.0,106.36842105263158
767,H11,Tugang,5,Inti,2020,Lonsum,TM,H112020,561,3.36,166.96428571428572
768,H11,Tugang,5,Inti,2021,Socfindo,TBM,H112021,423,3.2,132.1875
769,H11,Tugang,5,Inti,2022,Lonsum,TBM,H112022,253,1.87,135.2941176470588
770,H12,Tugang,5,Inti,2009,Damimas,TM,H122009,2193,15.3,143.33333333333331
771,H12,Tugang,5,Inti,2020,Socfindo,TM,H122020,504,3.12,161.53846153846152
772,H12,Tugang,5,Inti,2021,Socfindo,TBM,H122021,406,2.9,140.0
773,H12,Tugang,5,Inti,2022,Socfindo,TBM,H122022,55,0.39,141.02564102564102
774,H13,Tugang,5,Inti,2010,Lonsum,TM,H132010,812,7.040000000000001,115.34090909090908
775,H13,Tugang,5,Inti,2020,Socfindo,TM,H132020,63,0.69,91.30434782608695
776,H13,Tugang,5,Inti,2022,Lonsum,TBM,H132022,415,2.99,138.79598662207357
777,H14,Tugang,5,Inti,2010,Socfindo,TM,H142010,2395,19.5,122.82051282051282
778,H14,Tugang,5,Inti,2020,Lonsum,TM,H142020,442,2.95,149.83050847457625
779,H14,Tugang,5,Inti,2021,Socfindo,TBM,H142021,832,6.5,128.0
780,H14,Tugang,5,Inti,2022,Socfindo,TBM,H142022,181,1.31,138.1679389312977
781,H15,Tugang,5,Inti,2010,Socfindo,TM,H152010,444,4.01,110.72319201995012
782,H15,Tugang,5,Inti,2020,Lonsum,TM,H152020,50,0.29,172.41379310344828
783,H15,Tugang,5,Inti,2021,Socfindo,TBM,H152021,476,3.62,131.49171270718233
784,H15,Tugang,5,Inti,2022,Socfindo,TBM,H152022,302,2.16,139.8148148148148
785,H17,Mulau,1,Plasma,2009,Lonsum,TM,H172009,2494,18.59,134.15814954276493
786,H17,Mulau,1,Plasma,2020,Socfindo,TM,H172020,78,0.12,650.0
787,H18,Mulau,1,Plasma,2009,Lonsum,TM,H182009,3149,23.14,136.0847018150389
788,H18,Mulau,1,Plasma,2020,Socfindo,TM,H182020,91,0.15,606.6666666666667
789,H19,Mulau,1,Plasma,2009,Lonsum,TM,H192009,2360,18.42,128.12160694896852
790,H19,Mulau,1,Plasma,2020,Socfindo,TM,H192020,80,0.37,216.21621621621625
791,H20,Mulau,1,Inti,2009,Lonsum,TM,H202009,2854,21.13,135.06862281116895
792,H20,Mulau,1,Inti,2020,Socfindo,TM,H202020,159,0.89,178.65168539325842
793,H21,Mulau,1,Inti,2009,Lonsum,TM,H212009,1951,17.490000000000002,111.54945683247568
794,H21,Mulau,1,Inti,2020,Socfindo,TM,H212020,65,0.22,295.45454545454544
795,H21,Mulau,1,Inti,2021,Socfindo,TBM,H212021,524,3.65,143.56164383561642
796,H21,Mulau,1,Inti,2022,Socfindo,TBM,H212022,531,3.56,149.1573033707865
797,H21,Mulau,1,Inti,2023,Socfindo,TBM,H212023,29,0.18,161.11111111111111
798,H23,Mulau,1,Inti,2010,Socfindo,TM,H232010,2987,22.56,132.40248226950357
799,H23,Mulau,1,Inti,2020,Socfindo,TM,H232020,129,0.51,252.94117647058823
800,H24,Mulau,1,Inti,2010,Lonsum,TM,H242010,1693,12.41,136.42224012892828
801,H24,Mulau,1,Inti,2020,Socfindo,TM,H242020,78,0.42,185.7142857142857
802,H25,Mulau,1,Inti,2009,Lonsum,TM,H252009,1321,9.88,133.70445344129553
803,H25,Mulau,1,Inti,2020,Socfindo,TM,H252020,47,0.28,167.85714285714283
804,H26,Mulau,1,Plasma,2009,Lonsum,TM,H262009,3840,27.67,138.77846042645464
805,H26,Mulau,1,Plasma,2020,Socfindo,TM,H262020,169,0.48,352.08333333333337
806,H27,Mulau,1,Plasma,2009,Lonsum,TM,H272009,1779,12.94,137.4806800618238
807,H27,Mulau,1,Plasma,2020,Socfindo,TM,H272020,100,0.43,232.5581395348837
808,H27,Mulau,1,Plasma,2021,Lonsum,TBM,H272021,99,0.69,143.47826086956522
809,H28,Mulau,1,Plasma,2009,Lonsum,TM,H282009,3196,24.31,131.46853146853147
810,H28,Mulau,1,Plasma,2020,Socfindo,TM,H282020,53,0.17,311.7647058823529
811,H28,Mulau,1,Plasma,2021,Socfindo,TBM,H282021,40,0.27,148.14814814814815
812,H29,Mulau,1,Inti,2009,Damimas,TM,H292009,1381,10.25,134.73170731707316
813,H29,Mulau,1,Inti,2020,Socfindo,TM,H292020,33,0.08,412.5
814,H30,Mulau,1,Inti,2010,Socfindo,TM,H302010,2872,21.84,131.5018315018315
815,H30,Mulau,1,Inti,2020,Socfindo,TM,H302020,160,0.8,200.0
816,H30,Mulau,1,Inti,2022,Socfindo,TBM,H302022,57,0.42,135.71428571428572
817,H31,Mulau,1,Inti,2010,Damimas,TM,H312010,1507,11.82,127.49576988155668
818,H31,Mulau,1,Inti,2020,Socfindo,TM,H312020,87,0.31,280.64516129032256
819,H31,Mulau,1,Inti,2022,Lonsum,TBM,H312022,222,1.37,162.04379562043795
820,H31,Mulau,1,Inti,2023,Sriwijaya,TBM,H312023,659,4.68,140.81196581196582
821,H32,Mulau,1,Inti,2010,Socfindo,TM,H322010,3834,30.57,125.4170755642787
822,H32,Mulau,1,Inti,2020,Socfindo,TM,H322020,505,3.5,144.28571428571428
823,H32,Mulau,1,Inti,2021,Socfindo,TBM,H322021,795,6.23,127.60834670947033
824,H32,Mulau,1,Inti,2022,Socfindo,TBM,H322022,681,4.93,138.13387423935092
825,H32,Mulau,1,Inti,2023,Sriwijaya,TBM,H322023,722,5.2,138.84615384615384
826,H33,Mulau,1,Inti,2010,Lonsum,TM,H332010,3870,31.52,122.7791878172589
827,H33,Mulau,1,Inti,2020,Socfindo,TM,H332020,283,1.61,175.77639751552798
828,H33,Mulau,1,Inti,2021,Socfindo,TBM,H332021,438,3.15,139.0476190476191
829,H33,Mulau,1,Inti,2022,Socfindo,TBM,H332022,573,3.89,147.30077120822622
830,H33,Mulau,1,Inti,2023,Topaz,TBM,H332023,111,0.86,129.06976744186048
831,H34,Mulau,1,Inti,2010,Lonsum,TM,H342010,2657,19.96,133.11623246492985
832,H34,Mulau,1,Inti,2020,Socfindo,TM,H342020,408,1.56,261.53846153846155
833,H38,Mulau,1,Plasma,2013,Lonsum,TM,H382013,698,10.35,67.43961352657006
834,H38,Mulau,1,Plasma,2021,Lonsum,TBM,H382021,400,3.05,131.14754098360658
835,H38,Mulau,1,Plasma,2022,Lonsum,TBM,H382022,289,0.2499999999999999,1156.0000000000005
836,H38,Mulau,1,Plasma,2023,Lonsum,TBM,H382023,30,0.28,107.14285714285714
837,H39,Mulau,1,Plasma,2013,Lonsum,TM,H392013,1074,9.57,112.2257053291536
838,H39,Mulau,1,Plasma,2020,Socfindo,TM,H392020,281,2.66,105.6390977443609
839,H39,Mulau,1,Plasma,2022,Lonsum,TBM,H392022,235,1.64,143.29268292682926
840,H40,Mulau,1,Plasma,2013,Lonsum,TM,H402013,1524,12.05,126.47302904564316
841,H40,Mulau,1,Plasma,2020,Socfindo,TM,H402020,451,4.76,94.74789915966387
842,H40,Mulau,1,Plasma,2022,Socfindo,TBM,H402022,147,1.1,133.63636363636363
843,H42,Mulau,1,Plasma,2013,Lonsum,TM,H422013,622,4.15,149.8795180722892
844,H42,Mulau,1,Plasma,2020,Socfindo,TM,H422020,450,5.55,81.08108108108108
845,H42,Mulau,1,Plasma,2022,Socfindo,TBM,H422022,557,3.65,152.60273972602738
846,H42,Mulau,1,Plasma,2023,Socfindo,TBM,H422023,56,0.42,133.33333333333331
847,H43,Mulau,1,Plasma,2022,Socfindo,TBM,H432022,488,3.53,138.24362606232296
848,H43,Mulau,1,Plasma,2023,Socfindo,TBM,H432023,204,1.41,144.6808510638298
849,H44,Mulau,1,Plasma,2013,Lonsum,TM,H442013,450,3.84,117.1875
850,H45,Mulau,1,Plasma,2013,Lonsum,TM,H452013,735,5.609999999999999,131.01604278074868
851,H45,Mulau,1,Plasma,2020,Socfindo,TM,H452020,574,5.49,104.55373406193078
852,H46,Mulau,1,Plasma,2013,Lonsum,TM,H462013,83,4.42,18.778280542986423
853,H46,Mulau,1,Plasma,2020,Socfindo,TM,H462020,892,6.75,132.14814814814815
854,H46,Mulau,1,Plasma,2022,Lonsum,TBM,H462022,2121,10.500000000000002,202.0
855,H47,Mulau,1,Plasma,2013,Lonsum,TM,H472013,2,2.21,0.9049773755656108
856,H47,Mulau,1,Plasma,2020,Socfindo,TM,H472020,469,3.95,118.73417721518987
857,H47,Mulau,1,Plasma,2022,Lonsum,TBM,H472022,1238,6.06,204.2904290429043
858,H48,Mulau,1,Plasma,2022,Lonsum,TBM,H482022,224,1.82,123.07692307692308
859,I01,Mulau,2,Inti,2011,Damimas,TM,I012011,1671,15.62,106.97823303457106
860,I01,Mulau,2,Inti,2020,Socfindo,TM,I012020,416,2.6500000000000004,156.98113207547166
861,I01,Mulau,2,Inti,2021,Socfindo,TBM,I012021,3950,30.36,130.10540184453228
862,I01,Mulau,2,Inti,2022,Socfindo,TBM,I012022,1887,13.29,141.9864559819413
863,I01,Mulau,2,Inti,2023,Socfindo,TBM,I012023,3300,25.23,130.79667063020213
864,I02,Mulau,2,Inti,2011,Lonsum,TM,I022011,1958,15.8,123.9240506329114
865,I02,Mulau,2,Inti,2020,Socfindo,TM,I022020,169,1.0,169.0
866,I02,Mulau,2,Inti,2021,Socfindo,TBM,I022021,239,1.74,137.35632183908046
867,I02,Mulau,2,Inti,2022,Lonsum,TBM,I022022,217,1.48,146.6216216216216
868,I02,Mulau,2,Inti,2023,Topaz,TBM,I022023,194,1.0,194.0
869,I03,Mulau,2,Inti,2011,Damimas,TM,I032011,1558,12.0,129.83333333333334
870,I03,Mulau,2,Inti,2020,Socfindo,TM,I032020,220,1.11,198.19819819819816
871,I03,Mulau,2,Inti,2022,Lonsum,TBM,I032022,116,0.85,136.47058823529412
872,I03,Mulau,2,Inti,2023,Topaz,TBM,I032023,431,4.65,92.68817204301077
873,I04,Mulau,2,Inti,2009,Damimas,TM,I042009,2940,21.89,134.30790315212428
874,I04,Mulau,2,Inti,2020,Socfindo,TM,I042020,77,0.26,296.15384615384613
875,I04,Mulau,2,Inti,2021,Socfindo,TBM,I042021,33,0.23,143.47826086956522
876,I05,Mulau,2,Plasma,2009,Socfindo,TM,I052009,3131,23.2,134.95689655172413
877,I05,Mulau,2,Plasma,2020,Socfindo,TM,I052020,112,0.82,136.58536585365854
878,I05,Mulau,2,Plasma,2021,Socfindo,TBM,I052021,87,0.63,138.0952380952381
879,I06,Mulau,2,Plasma,2009,Damimas,TM,I062009,4324,31.82818181818182,135.8544457456228
880,I06,Mulau,2,Plasma,2020,Socfindo,TM,I062020,229,1.461818181818182,156.6542288557214
881,I06,Mulau,2,Plasma,2021,Socfindo,TBM,I062021,30,0.21,142.85714285714286
882,I06,Mulau,2,Plasma,2023,Lonsum,TBM,I062023,127,0.98,129.59183673469389
883,I07,Mulau,2,Plasma,2011,Damimas,TM,I072011,174,1.23,141.46341463414635
884,I07,Mulau,2,Plasma,2023,Lonsum,TBM,I072023,148,1.23,120.32520325203252
885,I08,Mulau,2,Inti,2010,Lonsum,TM,I082010,1899,13.19,143.972706595906
886,I08,Mulau,2,Inti,2020,Socfindo,TM,I082020,76,0.43,176.7441860465116
887,I08,Mulau,2,Inti,2021,Socfindo,TBM,I082021,240,1.82,131.86813186813183
888,I08,Mulau,2,Inti,2022,Lonsum,TBM,I082022,205,1.49,137.58389261744966
889,I09,Mulau,2,Inti,2010,Damimas,TM,I092010,1782,13.52,131.80473372781066
890,I09,Mulau,2,Inti,2021,Socfindo,TBM,I092021,384,2.99,128.42809364548495
891,I09,Mulau,2,Inti,2022,Lonsum,TBM,I092022,293,1.38,212.31884057971013
892,I09,Mulau,2,Inti,2023,Lonsum,TBM,I092023,2,0.0,0.0
893,I10,Mulau,2,Inti,2010,Lonsum,TM,I102010,830,6.1,136.06557377049182
894,I10,Mulau,2,Inti,2021,Socfindo,TBM,I102021,39,0.29,134.48275862068965
895,I11,Mulau,2,Inti,2010,Damimas,TM,I112010,2669,19.51,136.80164018452078
896,I11,Mulau,2,Inti,2021,Socfindo,TBM,I112021,139,0.98,141.83673469387756
897,I11,Mulau,2,Inti,2023,Lonsum,TBM,I112023,55,0.0,0.0
898,I12,Mulau,2,Inti,2012,Damimas,TM,I122012,2595,21.78,119.14600550964188
899,I12,Mulau,2,Inti,2020,Socfindo,TM,I122020,943,6.05,155.86776859504133
900,I12,Mulau,2,Inti,2021,Socfindo,TBM,I122021,64,0.42,152.38095238095238
901,I12,Mulau,2,Inti,2022,Socfindo,TBM,I122022,698,3.76,185.6382978723404
902,I12,Mulau,2,Inti,2023,Lonsum,TBM,I122023,310,1.8,172.22222222222223
903,I13,Mulau,2,Inti,2012,Damimas,TM,I132012,3363,27.71,121.36412847347528
904,I13,Mulau,2,Inti,2020,Socfindo,TM,I132020,929,6.85,135.6204379562044
905,I13,Mulau,2,Inti,2021,Socfindo,TBM,I132021,2746,20.42,134.4760039177277
906,I13,Mulau,2,Inti,2022,Socfindo,TBM,I132022,1717,11.88,144.52861952861952
907,I13,Mulau,2,Inti,2023,Lonsum,TBM,I132023,26,0.0,0.0
908,I14,Mulau,3,Inti,2011,Socfindo,TM,I142011,5104,38.61,132.1937321937322
909,I14,Mulau,3,Inti,2020,Socfindo,TM,I142020,542,3.0000000000000004,180.66666666666663
910,I14,Mulau,3,Inti,2021,Socfindo,TBM,I142021,708,5.17,136.9439071566731
911,I14,Mulau,3,Inti,2022,Lonsum,TBM,I142022,194,1.33,145.86466165413532
912,I14,Mulau,3,Inti,2023,Lonsum,TBM,I142023,339,2.44,138.9344262295082
913,I15,Mulau,3,Inti,2011,Socfindo,TM,I152011,3238,25.52,126.88087774294672
914,I15,Mulau,3,Inti,2020,Socfindo,TM,I152020,578,3.54,163.27683615819208
915,I15,Mulau,3,Inti,2021,Socfindo,TBM,I152021,15,0.12,125.0
916,I15,Mulau,3,Inti,2022,Socfindo,TBM,I152022,280,1.91,146.59685863874347
917,I16,Mulau,3,Inti,2010,Socfindo,TM,I162010,4992,37.0,134.9189189189189
918,I16,Mulau,3,Inti,2020,Socfindo,TM,I162020,509,2.77,183.75451263537903
919,I16,Mulau,3,Inti,2022,Lonsum,TBM,I162022,420,2.57,163.4241245136187
920,I16,Mulau,3,Inti,2023,Lonsum,TBM,I162023,63,0.48,131.25
921,I17,Mulau,2,Inti,2011,Damimas,TM,I172011,2999,24.47,122.55823457294645
922,I17,Mulau,2,Inti,2020,Lonsum,TM,I172020,1150,8.27,139.05683192261185
923,I17,Mulau,2,Inti,2022,Lonsum,TBM,I172022,408,2.35,173.61702127659575
924,I17,Mulau,2,Inti,2023,Lonsum,TBM,I172023,388,2.47,157.08502024291496
925,I18,Mulau,2,Inti,2010,Damimas,TM,I182010,2762,20.38,135.52502453385674
926,I18,Mulau,2,Inti,2020,Lonsum,TM,I182020,556,3.73,149.06166219839142
927,I19,Mulau,3,Inti,2010,Socfindo,TM,I192010,1780,12.73,139.82717989002356
928,I19,Mulau,3,Inti,2020,Socfindo,TM,I192020,180,1.19,151.26050420168067
929,I20,Mulau,3,Plasma,2010,Socfindo,TM,I202010,3825,29.6793006993007,128.87769960463132
930,I20,Mulau,3,Plasma,2020,Socfindo,TM,I202020,617,4.310699300699301,143.1322291257726
931,I20,Mulau,3,Plasma,2021,Socfindo,TBM,I202021,70,0.53,132.0754716981132
932,I20,Mulau,3,Plasma,2022,Socfindo,TBM,I202022,904,5.91,152.9610829103215
933,I20,Mulau,3,Plasma,2023,Socfindo,TBM,I202023,113,0.85,132.94117647058823
934,I21,Mulau,3,Plasma,2010,Socfindo,TM,I212010,3457,30.463216783216783,113.48112133399444
935,I21,Mulau,3,Plasma,2020,Socfindo,TM,I212020,388,2.9867832167832167,129.90564491582964
936,I21,Mulau,3,Plasma,2021,Socfindo,TBM,I212021,161,1.35,119.25925925925924
937,I21,Mulau,3,Plasma,2022,Socfindo,TBM,I212022,341,1.47,231.97278911564624
938,I22,Mulau,3,Inti,2010,Socfindo,TM,I222010,2270,18.34,123.773173391494
939,I22,Mulau,3,Inti,2020,Socfindo,TM,I222020,166,0.42,395.2380952380952
940,I22,Mulau,3,Inti,2022,Socfindo,TBM,I222022,78,0.0,0.0
941,I23,Mulau,3,Inti,2010,Socfindo,TM,I232010,1821,14.7,123.87755102040816
942,I23,Mulau,3,Inti,2020,Socfindo,TM,I232020,108,0.44,245.45454545454547
943,I23,Mulau,3,Inti,2022,Socfindo,TBM,I232022,56,0.42,133.33333333333334
944,I24,Mulau,3,Inti,2011,Damimas,TM,I242011,1494,11.19,133.51206434316356
945,I24,Mulau,3,Inti,2020,Socfindo,TM,I242020,86,0.57,150.87719298245617
946,I25,Mulau,3,Inti,2011,Damimas,TM,I252011,623,5.069999999999999,122.87968441814596
947,I25,Mulau,3,Inti,2020,Socfindo,TM,I252020,36,0.03,1200.0
948,I25,Mulau,3,Inti,2021,Socfindo,TBM,I252021,274,2.16,126.85185185185183
949,I26,Mulau,3,Inti,2011,Damimas,TM,I262011,1722,12.75,135.05882352941177
950,I26,Mulau,3,Inti,2020,Socfindo,TM,I262020,136,0.61,222.9508196721312
951,I26,Mulau,3,Inti,2021,Socfindo,TBM,I262021,676,4.97,136.01609657947688
952,I27,Mulau,3,Inti,2011,Damimas,TM,I272011,1201,9.49,126.55426765015804
953,I27,Mulau,3,Inti,2020,Socfindo,TM,I272020,58,0.42,138.0952380952381
954,I28,Mulau,3,Inti,2010,Damimas,TM,I282010,2637,19.24,137.05821205821206
955,I28,Mulau,3,Inti,2020,Socfindo,TM,I282020,151,0.48,314.58333333333337
956,I28,Mulau,3,Inti,2021,Socfindo,TBM,I282021,162,1.11,145.94594594594594
957,I28,Mulau,3,Inti,2022,Socfindo,TBM,I282022,160,1.25,128.0
958,I30,Mulau,3,Inti,2011,Damimas,TM,I302011,643,4.81,133.67983367983368
959,I30,Mulau,3,Inti,2021,Socfindo,TBM,I302021,85,0.62,137.09677419354838
960,I31,Mulau,3,Inti,2011,Damimas,TM,I312011,836,6.46,129.41176470588235
961,I31,Mulau,3,Inti,2020,Socfindo,TM,I312020,20,0.06,333.33333333333337
962,I32,Mulau,3,Inti,2011,Damimas,TM,I322011,1883,14.64,128.62021857923497
963,I32,Mulau,3,Inti,2020,Socfindo,TM,I322020,88,0.23,382.6086956521739
964,J01,Mulau,4,Inti,2011,Lonsum,TM,J012011,2704,29.3,92.28668941979522
965,J01,Mulau,4,Inti,2020,Socfindo,TM,J012020,297,1.86,159.6774193548387
966,J01,Mulau,4,Inti,2022,Socfindo,TBM,J012022,884,3.8,232.63157894736844
967,J01,Mulau,4,Inti,2023,Lonsum,TBM,J012023,1092,4.7,232.3404255319149
968,J02,Mulau,4,Inti,2012,Lonsum,TM,J022012,1840,19.92,92.36947791164658
969,J02,Mulau,4,Inti,2021,Socfindo,TBM,J022021,860,6.34,135.6466876971609
970,J02,Mulau,4,Inti,2022,Socfindo,TBM,J022022,441,3.1,142.25806451612905
971,J02,Mulau,4,Inti,2023,Socfindo,TBM,J022023,50,0.24,208.33333333333331
972,J03,Mulau,4,Inti,2012,Lonsum,TM,J032012,357,5.66,63.07420494699647
973,J03,Mulau,4,Inti,2021,Socfindo,TBM,J032021,46,0.37,124.32432432432432
974,J03,Mulau,4,Inti,2022,Socfindo,TBM,J032022,28,0.2,140.0
975,J04,Mulau,4,Inti,2011,Lonsum,TM,J042011,3091,23.770000000000003,130.03786285233485
976,J04,Mulau,4,Inti,2020,Socfindo,TM,J042020,763,4.74,160.9704641350211
977,J05,Mulau,4,Inti,2011,Lonsum,TM,J052011,2289,16.98,134.80565371024736
978,J05,Mulau,4,Inti,2020,Socfindo,TM,J052020,737,5.42,135.97785977859778
979,J05,Mulau,4,Inti,2021,Socfindo,TBM,J052021,46,0.35,131.42857142857144
980,J06,Mulau,4,Inti,2011,Lonsum,TM,J062011,2081,15.980000000000002,130.2252816020025
981,J06,Mulau,4,Inti,2020,Socfindo,TM,J062020,910,5.279999999999999,172.34848484848487
982,J06,Mulau,4,Inti,2021,Socfindo,TBM,J062021,46,0.36,127.7777777777778
983,J06,Mulau,4,Inti,2022,Socfindo,TBM,J062022,44,0.27,162.96296296296296
984,J06,Mulau,4,Inti,2023,Socfindo,TBM,J062023,134,1.01,132.67326732673268
985,J07,Mulau,4,Inti,2011,Lonsum,TM,J072011,2526,18.51,136.46677471636954
986,J07,Mulau,4,Inti,2020,Socfindo,TM,J072020,662,4.21,157.24465558194774
987,J07,Mulau,4,Inti,2021,Socfindo,TBM,J072021,102,0.85,120.0
988,J07,Mulau,4,Inti,2022,Socfindo,TBM,J072022,34,0.24,141.66666666666669
989,J07,Mulau,4,Inti,2023,Lonsum,TBM,J072023,35,0.0,0.0
990,J08,Mulau,4,Inti,2011,Lonsum,TM,J082011,2966,30.630000000000003,96.8331700946784
991,J08,Mulau,4,Inti,2020,Lonsum,TM,J082020,376,2.63,142.96577946768062
992,J08,Mulau,4,Inti,2021,Socfindo,TBM,J082021,794,5.75,138.08695652173913
993,J08,Mulau,4,Inti,2022,Socfindo,TBM,J082022,456,2.91,156.70103092783506
994,J08,Mulau,4,Inti,2023,Lonsum,TBM,J082023,577,0.09,6411.111111111111
995,J09,Mulau,4,Inti,2011,Lonsum,TM,J092011,2518,19.54,128.86386898669397
996,J09,Mulau,4,Inti,2020,Socfindo,TM,J092020,980,6.34,154.57413249211356
997,J09,Mulau,4,Inti,2021,Lonsum,TBM,J092021,315,2.53,124.50592885375497
998,J09,Mulau,4,Inti,2022,Lonsum,TBM,J092022,177,1.42,124.64788732394366
999,J10,Mulau,4,Inti,2011,Lonsum,TM,J102011,2487,19.15,129.86945169712791
1000,J10,Mulau,4,Inti,2020,Socfindo,TM,J102020,775,4.88,158.81147540983608
1001,J10,Mulau,4,Inti,2021,Lonsum,TBM,J102021,36,0.23,156.52173913043478
1002,J10,Mulau,4,Inti,2023,Topaz,TBM,J102023,54,0.0,0.0
1003,J11,Mulau,4,Inti,2012,Lonsum,TM,J112012,2107,17.48,120.53775743707094
1004,J11,Mulau,4,Inti,2020,Lonsum,TM,J112020,623,4.36,142.88990825688072
1005,J11,Mulau,4,Inti,2023,Lonsum,TBM,J112023,73,0.4599999999999999,158.69565217391306
1006,J12,Mulau,4,Inti,2011,Lonsum,TM,J122011,2751,21.16,130.00945179584122
1007,J12,Mulau,4,Inti,2020,Lonsum,TM,J122020,586,4.1,142.9268292682927
1008,J12,Mulau,4,Inti,2021,Socfindo,TBM,J122021,969,6.92,140.02890173410404
1009,J12,Mulau,4,Inti,2022,Lonsum,TBM,J122022,320,2.6,123.07692307692308
1010,J13,Mulau,4,Inti,2011,Lonsum,TM,J132011,1697,13.32,127.40240240240242
1011,J13,Mulau,4,Inti,2020,Socfindo,TM,J132020,361,1.8,200.55555555555557
1012,J14,Mulau,4,Inti,2011,Lonsum,TM,J142011,2793,20.61,135.51673944687045
1013,J14,Mulau,4,Inti,2020,Socfindo,TM,J142020,276,1.12,246.42857142857144
1014,J14,Mulau,4,Inti,2021,Socfindo,TBM,J142021,1111,7.949999999999999,139.74842767295598
1015,J15,Mulau,5,Inti,2011,Lonsum,TM,J152011,2011,14.6,137.73972602739724
1016,J15,Mulau,5,Inti,2020,Socfindo,TM,J152020,86,0.11,781.8181818181819
1017,J16,Mulau,5,Inti,2011,Lonsum,TM,J162011,3777,28.27,133.6045277679519
1018,J16,Mulau,5,Inti,2020,Socfindo,TM,J162020,180,0.37,486.4864864864865
1019,J16,Mulau,5,Inti,2021,Lonsum,TBM,J162021,415,3.3,125.75757575757576
1020,J17,Mulau,4,Inti,2011,Lonsum,TM,J172011,1597,12.07,132.31151615575808
1021,J17,Mulau,4,Inti,2020,Socfindo,TM,J172020,106,0.3,353.33333333333337
1022,J18,Mulau,4,Inti,2011,Lonsum,TM,J182011,2768,21.2,130.56603773584905
1023,J18,Mulau,4,Inti,2020,Socfindo,TM,J182020,293,1.2,244.16666666666669
1024,J19,Mulau,4,Inti,2011,Lonsum,TM,J192011,2860,20.73,137.96430294259528
1025,J19,Mulau,4,Inti,2020,Socfindo,TM,J192020,162,0.67,241.79104477611935
1026,J20,Mulau,5,Inti,2011,Lonsum,TM,J202011,1614,12.25,131.75510204081633
1027,J20,Mulau,5,Inti,2020,Socfindo,TM,J202020,80,0.38,210.52631578947367
1028,J21,Mulau,5,Inti,2011,Lonsum,TM,J212011,1187,9.59,123.7747653806048
1029,J21,Mulau,5,Inti,2020,Socfindo,TM,J212020,73,0.38,192.10526315789477
1030,J22,Mulau,5,Inti,2011,Lonsum,TM,J222011,2735,20.59,132.83147158814958
1031,J22,Mulau,5,Inti,2020,Socfindo,TM,J222020,53,0.06,883.3333333333334
1032,J23,Mulau,5,Inti,2011,Lonsum,TM,J232011,1140,9.28,122.84482758620688
1033,J23,Mulau,5,Inti,2021,Lonsum,TBM,J232021,174,1.2100000000000002,143.80165289256198
1034,J24,Mulau,4,Plasma,2012,Lonsum,TM,J242012,206,2.9,71.0344827586207
1035,J25,Mulau,4,Plasma,2011,Lonsum,TM,J252011,2727,24.09,113.20049813200498
1036,J25,Mulau,4,Plasma,2020,Lonsum,TM,J252020,470,3.28,143.29268292682926
1037,J25,Mulau,4,Plasma,2021,Socfindo,TBM,J252021,3655,26.51,137.87250094304036
1038,J25,Mulau,4,Plasma,2022,Lonsum,TBM,J252022,285,1.98,143.93939393939394
1039,J25,Mulau,4,Plasma,2023,Socfindo,TBM,J252023,88,0.78,112.82051282051282
1040,J26,Mulau,5,Plasma,2011,Lonsum,TM,J262011,1586,11.93,132.94216261525565
1041,J26,Mulau,5,Plasma,2020,Socfindo,TM,J262020,287,1.33,215.7894736842105
1042,J26,Mulau,5,Plasma,2021,Lonsum,TBM,J262021,627,4.7,133.40425531914894
1043,J26,Mulau,5,Plasma,2022,Lonsum,TBM,J262022,44,0.0,0.0
1044,J26,Mulau,5,Plasma,2023,Socfindo,TBM,J262023,26,0.16,162.5
1045,J27,Mulau,5,Plasma,2011,Lonsum,TM,J272011,2913,22.24,130.98021582733813
1046,J27,Mulau,5,Plasma,2020,Socfindo,TM,J272020,51,0.12,425.0
1047,J27,Mulau,5,Plasma,2021,Lonsum,TBM,J272021,1264,9.83,128.58596134282809
1048,J27,Mulau,5,Plasma,2022,Socfindo,TBM,J272022,165,0.7699999999999999,214.2857142857143
1049,J27,Mulau,5,Plasma,2024,Topaz,TBM,J272024,121,0.89,135.95505617977528
1050,J28,Mulau,5,Plasma,2011,Lonsum,TM,J282011,3350,24.52,136.6231647634584
1051,J28,Mulau,5,Plasma,2020,Lonsum,TM,J282020,264,1.85,142.7027027027027
1052,J28,Mulau,5,Plasma,2021,Lonsum,TBM,J282021,395,3.06,129.08496732026146
1053,J28,Mulau,5,Plasma,2022,Lonsum,TBM,J282022,163,1.1,148.18181818181816
1054,J29,Mulau,5,Plasma,2011,Lonsum,TM,J292011,3490,26.1,133.71647509578546
1055,J29,Mulau,5,Plasma,2020,Lonsum,TM,J292020,254,1.77,143.50282485875707
1056,J29,Mulau,5,Plasma,2021,Lonsum,TBM,J292021,372,2.71,137.26937269372695
1057,J30,Mulau,5,Plasma,2011,Lonsum,TM,J302011,1043,8.51,122.56169212690952
1058,J30,Mulau,5,Plasma,2020,Socfindo,TM,J302020,300,2.44,122.95081967213116
1059,J30,Mulau,5,Plasma,2021,Socfindo,TBM,J302021,2909,20.82,139.72142170989434
1060,J30,Mulau,5,Plasma,2022,Socfindo,TBM,J302022,174,1.3199999999999998,131.81818181818184
1061,J31,Mulau,5,Plasma,2011,Lonsum,TM,J312011,1863,13.62,136.784140969163
1062,J31,Mulau,5,Plasma,2020,Socfindo,TM,J312020,140,0.54,259.25925925925924
1063,J31,Mulau,5,Plasma,2021,Lonsum,TBM,J312021,1138,8.669095,131.27091120814802
1064,J31,Mulau,5,Plasma,2022,Socfindo,TBM,J312022,19,0.09,211.11111111111111
1065,J32,Mulau,5,Plasma,2011,Lonsum,TM,J322011,1649,12.58,131.08108108108107
1066,J32,Mulau,5,Plasma,2020,Socfindo,TM,J322020,401,3.25,123.3846153846154
1067,J32,Mulau,5,Plasma,2021,Socfindo,TBM,J322021,1346,9.83,136.92777212614445
1068,J32,Mulau,5,Plasma,2022,Lonsum,TBM,J322022,673,4.8,140.20833333333334
1069,J33,Mulau,5,Plasma,2012,Lonsum,TM,J332012,2096,22.42,93.4879571810883
1070,J33,Mulau,5,Plasma,2020,Socfindo,TM,J332020,1085,8.36,129.78468899521533
1071,J33,Mulau,5,Plasma,2021,Socfindo,TBM,J332021,245,2.0,122.5
1072,J33,Mulau,5,Plasma,2022,Socfindo,TBM,J332022,1036,2.86,362.23776223776224
1073,J33,Mulau,5,Plasma,2023,Socfindo,TBM,J332023,40,0.31,129.03225806451613
1074,J35,Mulau,5,Plasma,2022,Socfindo,TBM,J352022,1521,11.11,136.90369036903692
1075,J36,Mulau,5,Plasma,2022,Socfindo,TBM,J362022,908,6.71,135.3204172876304
1076,J37,Mulau,5,Plasma,2021,Socfindo,TBM,J372021,565,4.12,137.1359223300971
1077,J37,Mulau,5,Plasma,2022,Socfindo,TBM,J372022,2083,15.2,137.03947368421052
1078,J37,Mulau,5,Plasma,2023,Lonsum,TBM,J372023,502,3.51,143.019943019943
1079,J38,Mulau,5,Plasma,2021,Socfindo,TBM,J382021,1382,9.78,141.30879345603273
1080,J38,Mulau,5,Plasma,2022,Socfindo,TBM,J382022,169,1.1,153.63636363636363
1081,J38,Mulau,5,Plasma,2023,Socfindo,TBM,J382023,1204,8.53,141.14888628370457
1082,J39,Mulau,5,Plasma,2021,Socfindo,TBM,J392021,28,0.18,155.55555555555557
1083,J39,Mulau,5,Plasma,2022,Lonsum,TBM,J392022,339,2.4,141.25
1084,J40,Mulau,5,Plasma,2022,Lonsum,TBM,J402022,431,2.94,146.59863945578232
1085,J40,Mulau,5,Plasma,2023,Lonsum,TBM,J402023,162,1.25,129.6
1086,J41,Mulau,5,Plasma,2021,Socfindo,TBM,J412021,455,3.21,141.74454828660436
1087,J41,Mulau,5,Plasma,2022,Socfindo,TBM,J412022,156,1.26,123.8095238095238
1088,J42,Mulau,5,Plasma,2021,Socfindo,TBM,J422021,884,6.41,137.90951638065522
1089,J42,Mulau,5,Plasma,2022,Socfindo,TBM,J422022,526,3.42,153.80116959064327
1090,J42,Mulau,5,Plasma,2023,Lonsum,TBM,J422023,13,0.08,162.5
1091,J43,Mulau,5,Plasma,2021,Socfindo,TBM,J432021,152,1.12,135.7142857142857
1092,J43,Mulau,5,Plasma,2022,Socfindo,TBM,J432022,799,5.83,137.04974271012006
1093,J43,Mulau,5,Plasma,2023,Socfindo,TBM,J432023,45,0.25,180.0
1094,J44,Mulau,5,Plasma,2022,Socfindo,TBM,J442022,1047,7.91,132.36409608091023
1095,J44,Mulau,5,Plasma,2023,Socfindo,TBM,J442023,68,0.52,130.76923076923077
1096,J45,Mulau,5,Plasma,2022,Socfindo,TBM,J452022,660,4.94,133.60323886639677
1097,J45,Mulau,5,Plasma,2023,Socfindo,TBM,J452023,30,0.17,176.47058823529412
1098,J46,Mulau,5,Plasma,2022,Lonsum,TBM,J462022,1394,10.15,137.33990147783254
1099,J46,Mulau,5,Plasma,2023,Sriwijaya,TBM,J462023,574,4.140000000000001,138.64734299516903
1100,J47,Mulau,5,Plasma,2022,Sriwijaya,TBM,J472022,1111,8.24,134.83009708737865
1101,J47,Mulau,5,Plasma,2023,Sriwijaya,TBM,J472023,286,2.1,136.19047619047618
1102,J48,Mulau,5,Plasma,2021,Socfindo,TBM,J482021,32,0.25,128.0
1103,J48,Mulau,5,Plasma,2022,Lonsum,TBM,J482022,659,4.85,135.87628865979383
1104,J49,Mulau,5,Plasma,2022,Lonsum,TBM,J492022,1440,10.86,132.59668508287294
1105,J50,Mulau,5,Plasma,2021,Socfindo,TBM,J502021,133,1.0,133.0
1106,J50,Mulau,5,Plasma,2022,Socfindo,TBM,J502022,2344,17.95,130.5849582172702
1107,J50,Mulau,5,Plasma,2023,Socfindo,TBM,J502023,315,2.24,140.625
1108,J51,Mulau,5,Plasma,2021,Socfindo,TBM,J512021,209,1.45,144.13793103448276
1109,J51,Mulau,5,Plasma,2022,Socfindo,TBM,J512022,3185,23.379999999999995,136.22754491017966
1110,J51,Mulau,5,Plasma,2023,Socfindo,TBM,J512023,58,0.49,118.36734693877553
1111,J52,Mulau,5,Plasma,2022,Lonsum,TBM,J522022,1131,8.22,137.5912408759124
1112,J53,Mulau,5,Plasma,2022,Lonsum,TBM,J532022,2337,17.11,136.58679135008768
1113,J53,Mulau,5,Plasma,2023,Socfindo,TBM,J532023,30,0.26,115.3846153846154
1114,J54,Mulau,5,Plasma,2022,Socfindo,TBM,J542022,1159,9.45,122.64550264550266
1115,J54,Mulau,5,Plasma,2023,Lonsum,TBM,J542023,415,2.69,154.27509293680296
1116,J55,Mulau,5,Plasma,2022,Socfindo,TBM,J552022,1229,8.65,142.08092485549133
1117,J59,Mulau,5,Plasma,2022,Lonsum,TBM,J592022,91,0.74,122.97297297297295
1118,J60,Mulau,5,Plasma,2022,Lonsum,TBM,J602022,514,3.71,138.544474393531
1119,J62,Mulau,5,Plasma,2022,Lonsum,TBM,J622022,1395,10.42,133.87715930902112
1120,J62,Mulau,5,Plasma,2023,Lonsum,TBM,J622023,345,2.5700000000000003,134.24124513618676
1121,J62,Mulau,5,Plasma,2024,Topaz,TBM,J622024,79,0.54,146.29629629629628
1122,J63,Mulau,5,Plasma,2022,Lonsum,TBM,J632022,1588,11.47,138.44812554489974
1123,J63,Mulau,5,Plasma,2023,Lonsum,TBM,J632023,22,0.18,122.22222222222224
1124,J64,Mulau,5,Plasma,2022,Lonsum,TBM,J642022,785,5.680000000000001,138.20422535211267
1125,J64,Mulau,5,Plasma,2023,Lonsum,TBM,J642023,94,0.77,122.07792207792208
1126,J65,Mulau,5,Plasma,2022,Lonsum,TBM,J652022,13,0.1,130.0
1127,J68,Mulau,5,Plasma,2023,Lonsum,TBM,J682023,358,2.52,142.06349206349205
1128,J67,Mulau,5,Plasma,2023,Lonsum,TBM,J672023,251,1.58,158.86075949367088
1129,J69,Mulau,5,Plasma,2023,Lonsum,TBM,J692023,646,4.779999999999999,135.14644351464435
1130,J70,Mulau,5,Plasma,2022,Lonsum,TBM,J702022,151,0.99,152.52525252525254
1131,J70,Mulau,5,Plasma,2023,Sriwijaya,TBM,J702023,406,2.88,140.97222222222223
1132,J71,Mulau,5,Plasma,2022,Lonsum,TBM,J712022,930,6.609999999999999,140.695915279879
1133,J71,Mulau,5,Plasma,2023,Lonsum,TBM,J712023,668,4.89,136.60531697341514
1134,J72,Mulau,5,Plasma,2022,Lonsum,TBM,J722022,1603,11.55,138.78787878787878
1135,J72,Mulau,5,Plasma,2023,Lonsum,TBM,J722023,128,0.87,147.1264367816092
1136,J73,Mulau,5,Plasma,2022,Lonsum,TBM,J732022,1234,8.94,138.03131991051455
1137,J73,Mulau,5,Plasma,2023,Lonsum,TBM,J732023,42,0.26,161.53846153846152
1138,J74,Mulau,5,Plasma,2022,Lonsum,TBM,J742022,241,1.76,136.9318181818182
1139,J74,Mulau,5,Plasma,2023,Socfindo,TBM,J742023,65,0.47,138.29787234042553
1140,J75,Mulau,5,Plasma,2022,Lonsum,TBM,J752022,19,0.1,190.0
1141,K02,Ngaring,1,Inti,2023,Sriwijaya,TBM,K022023,958,6.98,137.24928366762177
1142,K02,Ngaring,1,Inti,2024,Sriwijaya,TBM,K022024,136,0.95,143.1578947368421
1143,K03,Ngaring,1,Inti,2023,Sriwijaya,TBM,K032023,1969,13.71,143.6177972283005
1144,K03,Ngaring,1,Inti,2024,Sriwijaya,TBM,K032024,6,0.07,85.71428571428571
1145,K04,Ngaring,1,Inti,2023,Lonsum,TBM,K042023,1071,7.68,139.453125
1146,K04,Ngaring,1,Inti,2024,Lonsum,TBM,K042024,9,0.08,112.5
1147,K05,Ngaring,1,Inti,2023,Sriwijaya,TBM,K052023,2953,21.41,137.9262027090145
1148,K05,Ngaring,1,Inti,2024,Sriwijaya,TBM,K052024,37,0.28,132.14285714285714
1149,K06,Ngaring,1,Inti,2023,Sriwijaya,TBM,K062023,2556,18.790000000000003,136.02980308674825
1150,K06,Ngaring,1,Inti,2024,Sriwijaya,TBM,K062024,7,0.09,77.77777777777779
1151,K07,Ngaring,1,Inti,2023,Sriwijaya,TBM,K072023,4160,29.37,141.64113040517535
1152,K07,Ngaring,1,Inti,2024,Sriwijaya,TBM,K072024,65,0.57,114.03508771929826
1153,K08,Ngaring,1,Inti,2023,Sriwijaya,TBM,K082023,2119,15.029999999999998,140.98469727212245
1154,K08,Ngaring,1,Inti,2024,Sriwijaya,TBM,K082024,676,5.06,133.59683794466403
1155,K09,Ngaring,1,Inti,2023,Sriwijaya,TBM,K092023,1860,13.159999999999998,141.3373860182371
1156,K10,Ngaring,1,Inti,2023,Sriwijaya,TBM,K102023,3922,28.28,138.68458274398867
1157,K10,Ngaring,1,Inti,2024,Sriwijaya,TBM,K102024,13,0.09,144.44444444444446
1158,K11,Ngaring,1,Inti,2023,Lonsum,TBM,K112023,2089,15.59,133.99615137908916
1159,K11,Ngaring,1,Inti,2024,Lonsum,TBM,K112024,3,0.08,37.5
1160,K12,Ngaring,1,Inti,2023,Lonsum,TBM,K122023,2223,16.34,136.04651162790697
1161,K12,Ngaring,1,Inti,2024,Lonsum,TBM,K122024,10,0.11,90.9090909090909
1162,K13,Ngaring,1,Inti,2023,Sriwijaya,TBM,K132023,2854,20.89,136.6203925323121
1163,K13,Ngaring,1,Inti,2024,Sriwijaya,TBM,K132024,12,0.11,109.0909090909091
1164,K14,Ngaring,1,Inti,2023,Sriwijaya,TBM,K142023,1863,13.330000000000002,139.75993998499624
1165,K14,Ngaring,1,Inti,2024,Sriwijaya,TBM,K142024,29,0.25,116.0
1166,K15,Ngaring,1,Inti,2023,Sriwijaya,TBM,K152023,1629,11.21,145.31668153434433
1167,K16,Ngaring,1,Inti,2023,Sriwijaya,TBM,K162023,1912,13.57,140.89904200442152
1168,K17,Ngaring,1,Inti,2023,Lonsum,TBM,K172023,2460,17.15,143.4402332361516
1169,K18,Ngaring,1,Inti,2023,Sriwijaya,TBM,K182023,1837,13.79,133.2124728063814
1170,K18,Ngaring,1,Inti,2024,Sriwijaya,TBM,K182024,13,0.08,162.5
1171,K19,Ngaring,1,Inti,2023,Sriwijaya,TBM,K192023,3168,22.58,140.30115146147034
1172,K19,Ngaring,1,Inti,2024,Sriwijaya,TBM,K192024,8,0.05,160.0
1173,K20,Ngaring,1,Inti,2023,Sriwijaya,TBM,K202023,628,4.34,144.7004608294931
1174,K20,Ngaring,1,Inti,2024,Sriwijaya,TBM,K202024,7,0.03,233.33333333333331
1175,K22,Ngaring,1,Inti,2023,Sriwijaya,TBM,K222023,1288,9.22,139.69631236442518
1176,K22,Ngaring,1,Inti,2024,Sriwijaya,TBM,K222024,7,0.04,175.0
1177,K23,Ngaring,1,Inti,2023,Sriwijaya,TBM,K232023,1259,8.770000000000001,143.55758266818697
1178,K24,Ngaring,1,Inti,2023,Sriwijaya,TBM,K242023,1437,10.31,139.37924345295832
1179,K25,Ngaring,1,Inti,2023,Sriwijaya,TBM,K252023,2212,16.57,133.49426674713337
1180,K27,Ngaring,1,Inti,2023,Lonsum,TBM,K272023,315,2.3,136.95652173913044
1181,K27,Ngaring,1,Inti,2024,Lonsum,TBM,K272024,14,0.08,175.0
1182,K28,Ngaring,1,Inti,2023,Sriwijaya,TBM,K282023,3243,23.93,135.5202674467196
1183,K29,Ngaring,1,Inti,2023,Sriwijaya,TBM,K292023,1327,9.59,138.3733055265902
1184,K30,Ngaring,1,Inti,2023,Lonsum,TBM,K302023,1111,8.15,136.31901840490798
1185,K31,Ngaring,1,Inti,2023,Sriwijaya,TBM,K312023,2084,14.41,144.62179042331715
1186,K31,Ngaring,1,Inti,2024,Sriwijaya,TBM,K312024,8,0.07,114.28571428571428
1187,K33,Ngaring,1,Inti,2023,Lonsum,TBM,K332023,931,7.329999999999999,127.01227830832198
1188,L02,Ngaring,2,Inti,2023,Topaz,TBM,L022023,192,1.43,134.26573426573427
1189,L02,Ngaring,2,Inti,2024,Topaz,TBM,L022024,8,0.0,0.0
1190,L03,Ngaring,2,Inti,2023,Topaz,TBM,L032023,186,1.4,132.85714285714286
1191,L04,Ngaring,2,Inti,2023,Topaz,TBM,L042023,268,1.84,145.65217391304347
1192,L05,Ngaring,2,Inti,2023,Topaz,TBM,L052023,753,5.96,126.34228187919464
1193,L06,Ngaring,2,Inti,2023,Topaz,TBM,L062023,887,6.72,131.99404761904762
1194,L07,Ngaring,2,Inti,2023,Topaz,TBM,L072023,372,2.8400000000000003,130.98591549295773
1195,L07,Ngaring,2,Inti,2024,Topaz,TBM,L072024,111,0.84,132.14285714285714
1196,L08,Ngaring,2,Inti,2023,Lonsum,TBM,L082023,1585,11.59,136.755823986195
1197,L08,Ngaring,2,Inti,2024,Topaz,TBM,L082024,197,1.38,142.75362318840578
1198,L09,Ngaring,2,Inti,2023,Topaz,TBM,L092023,1659,12.98,127.81201848998458
1199,L09,Ngaring,2,Inti,2024,Topaz,TBM,L092024,5,0.05,100.0
1200,L10,Ngaring,2,Inti,2023,Topaz,TBM,L102023,1331,10.510000000000002,126.64129400570884
1201,L10,Ngaring,2,Inti,2024,Topaz,TBM,L102024,14,0.14,100.0
1202,L11,Ngaring,2,Inti,2023,Lonsum,TBM,L112023,2765,21.03,131.47883975273422
1203,L12,Ngaring,2,Inti,2023,Lonsum,TBM,L122023,608,4.45,136.62921348314606
1204,L12,Ngaring,2,Inti,2024,Topaz,TBM,L122024,36,0.1200000000000001,299.9999999999996
1205,L13,Ngaring,2,Inti,2023,Lonsum,TBM,L132023,3219,23.92,134.57357859531774
1206,L13,Ngaring,2,Inti,2024,Topaz,TBM,L132024,20,0.2,100.0
1207,L14,Ngaring,2,Inti,2023,Topaz,TBM,L142023,2293,19.700000000000003,116.3959390862944
1208,L14,Ngaring,2,Inti,2024,Topaz,TBM,L142024,48,0.9,53.33333333333333
1209,L15,Ngaring,2,Inti,2023,Topaz,TBM,L152023,116,0.89,130.3370786516854
1210,L15,Ngaring,2,Inti,2024,Topaz,TBM,L152024,9,0.15,60.0
1211,L16,Ngaring,2,Inti,2023,Topaz,TBM,L162023,959,6.95,137.98561151079136
1212,L16,Ngaring,2,Inti,2024,Topaz,TBM,L162024,162,1.4500000000000002,111.72413793103446
1213,L17,Ngaring,2,Inti,2023,Topaz,TBM,L172023,1078,7.94,135.7682619647355
1214,L17,Ngaring,2,Inti,2024,Topaz,TBM,L172024,3,0.04,75.0
1215,L18,Ngaring,2,Inti,2023,Topaz,TBM,L182023,3188,25.69,124.0949785908914
1216,L18,Ngaring,2,Inti,2024,Topaz,TBM,L182024,4,0.05,80.0
1217,L19,Ngaring,2,Inti,2023,Lonsum,TBM,L192023,1666,12.19,136.66940114848236
1218,L19,Ngaring,2,Inti,2024,Topaz,TBM,L192024,28,0.23,121.7391304347826
1219,L20,Ngaring,2,Inti,2023,Lonsum,TBM,L202023,130,0.93,139.78494623655914
1220,L21,Ngaring,2,Inti,2023,Lonsum,TBM,L212023,737,5.180000000000001,142.27799227799227
1221,L21,Ngaring,2,Inti,2024,Topaz,TBM,L212024,8,0.09,88.88888888888889
1222,L22,Ngaring,2,Inti,2023,Topaz,TBM,L222023,2836,21.01,134.9833412660638
1223,L22,Ngaring,2,Inti,2024,Topaz,TBM,L222024,2,0.02,100.0
1224,L23,Ngaring,2,Inti,2023,Topaz,TBM,L232023,826,6.079999999999999,135.85526315789477
1225,L23,Ngaring,2,Inti,2024,Topaz,TBM,L232024,9,0.14,64.28571428571428
1226,L24,Ngaring,2,Inti,2023,Topaz,TBM,L242023,564,3.91,144.2455242966752
1227,L25,Ngaring,2,Inti,2023,Topaz,TBM,L252023,1725,12.329999999999998,139.90267639902677
1228,L25,Ngaring,2,Inti,2024,Topaz,TBM,L252024,44,0.44,100.0
1229,M01,Ngaring,3,Inti,2023,Topaz,TBM,M012023,1055,8.379999999999999,125.8949880668258
1230,M01,Ngaring,3,Inti,2024,Topaz,TBM,M012024,61,0.56,108.92857142857142
1231,M02,Ngaring,3,Inti,2023,Topaz,TBM,M022023,2145,17.27,124.20382165605096
1232,M02,Ngaring,3,Inti,2024,Topaz,TBM,M022024,183,1.77,103.38983050847456
1233,M03,Ngaring,3,Inti,2023,Topaz,TBM,M032023,41,0.3,136.66666666666669
1234,M04,Ngaring,3,Inti,2023,Topaz,TBM,M042023,141,1.06,133.0188679245283
1235,M04,Ngaring,3,Inti,2024,Topaz,TBM,M042024,791,5.98,132.2742474916388
1236,M05,Ngaring,3,Inti,2023,Topaz,TBM,M052023,3029,24.27,124.80428512566957
1237,M05,Ngaring,3,Inti,2024,Topaz,TBM,M052024,185,1.41,131.20567375886523
1238,M06,Ngaring,3,Inti,2024,Topaz,TBM,M062024,28,0.18,155.55555555555557
1239,M07,Ngaring,3,Inti,2023,Topaz,TBM,M072023,1712,12.48,137.17948717948718
1240,M07,Ngaring,3,Inti,2024,Topaz,TBM,M072024,1081,8.44,128.08056872037915
1241,M08,Ngaring,3,Inti,2024,Topaz,TBM,M082024,629,4.42,142.30769230769232
1242,M11,Ngaring,3,Inti,2024,Topaz,TBM,M112024,776,6.06,128.05280528052805
1243,M12,Ngaring,3,Inti,2023,Topaz,TBM,M122023,1002,7.49,133.77837116154873
1244,M12,Ngaring,3,Inti,2024,Topaz,TBM,M122024,1305,9.45,138.0952380952381
1245,M13,Ngaring,3,Inti,2024,Topaz,TBM,M132024,119,0.72,165.27777777777777
1246,M14,Ngaring,3,Inti,2023,Topaz,TBM,M142023,341,2.55,133.72549019607845
1247,M14,Ngaring,3,Inti,2024,Topaz,TBM,M142024,24,0.15,160.0
1248,M15,Ngaring,3,Inti,2023,Topaz,TBM,M152023,453,3.32,136.44578313253012
1249,M15,Ngaring,3,Inti,2024,Topaz,TBM,M152024,1364,10.14,134.51676528599606
1250,M16,Ngaring,3,Inti,2024,Topaz,TBM,M162024,452,3.18,142.13836477987422
1251,M19,Ngaring,3,Inti,2024,Topaz,TBM,M192024,984,6.91,142.40231548480463
1252,M20,Ngaring,3,Inti,2023,Topaz,TBM,M202023,96,0.75,128.0
1253,M20,Ngaring,3,Inti,2024,Topaz,TBM,M202024,491,3.43,143.14868804664724
1254,M21,Ngaring,3,Inti,2023,Topaz,TBM,M212023,71,0.44,161.36363636363637
1255,M21,Ngaring,3,Inti,2024,Topaz,TBM,M212024,340,2.39,142.2594142259414
1256,M23,Ngaring,3,Inti,2024,Topaz,TBM,M232024,631,4.609999999999999,136.87635574837313
1257,M24,Ngaring,3,Inti,2024,Topaz,TBM,M242024,956,7.109999999999999,134.45850914205346
1258,M25,Ngaring,3,Inti,2024,Topaz,TBM,M252024,359,2.54,141.33858267716536
1259,M26,Ngaring,3,Inti,2024,Topaz,TBM,M262024,69,0.52,132.69230769230768
1260,M28,Ngaring,3,Inti,2023,Topaz,TBM,M282023,165,1.43,115.3846153846154
1261,M29,Ngaring,3,Inti,2023,Topaz,TBM,M292023,343,2.87,119.5121951219512
1262,M30,Ngaring,3,Inti,2023,Topaz,TBM,M302023,642,5.31,120.90395480225988
1263,M31,Ngaring,3,Inti,2023,Topaz,TBM,M312023,58,0.4,145.0
1264,M32,Ngaring,3,Inti,2023,Topaz,TBM,M322023,280,2.26,123.89380530973452
1265,M33,Ngaring,3,Inti,2023,Topaz,TBM,M332023,55,0.48,114.58333333333334
1266,M35,Ngaring,3,Inti,2023,Topaz,TBM,M352023,60,0.52,115.3846153846154
1267,M36,Ngaring,3,Inti,2023,Topaz,TBM,M362023,1556,12.21,127.43652743652744
1268,M36,Ngaring,3,Inti,2024,Topaz,TBM,M362024,46,0.38,121.05263157894736
1269,M37,Ngaring,3,Inti,2023,Topaz,TBM,M372023,779,5.43,143.4622467771639
1270,M37,Ngaring,3,Inti,2024,Topaz,TBM,M372024,29,0.31,93.5483870967742
1271,M38,Ngaring,3,Inti,2023,Topaz,TBM,M382023,1661,13.32,124.69969969969968
1272,M38,Ngaring,3,Inti,2024,Topaz,TBM,M382024,13,0.09,144.44444444444446
1273,M40,Ngaring,3,Inti,2023,Topaz,TBM,M402023,864,6.69,129.14798206278027
1274,M41,Ngaring,3,Inti,2023,Topaz,TBM,M412023,310,2.4800000000000004,124.99999999999996
1275,N02,Ngaring,4,Inti,2024,Topaz,TBM,N022024,2448,17.85,137.14285714285714
1276,N03,Ngaring,4,Inti,2024,Topaz,TBM,N032024,454,3.31,137.16012084592143
1277,N04,Ngaring,4,Inti,2024,Topaz,TBM,N042024,2756,19.83,138.9813414019163
1278,N05,Ngaring,4,Inti,2024,Topaz,TBM,N052024,2272,16.12,140.94292803970222
1279,N09,Ngaring,4,Inti,2024,Topaz,TBM,N092024,1781,12.75,139.68627450980392
1280,N10,Ngaring,4,Inti,2024,Topaz,TBM,N102024,2586,18.67,138.51098018211036
1281,N11,Ngaring,4,Inti,2024,Topaz,TBM,N112024,138,0.83,166.26506024096386
1282,N12,Ngaring,4,Inti,2024,Topaz,TBM,N122024,1396,9.85,141.72588832487307
1283,N13,Ngaring,4,Inti,2024,Topaz,TBM,N132024,1072,7.819999999999999,137.0843989769821
1284,N14,Ngaring,4,Inti,2024,Topaz,TBM,N142024,2003,14.61,137.09787816563997
1285,N15,Ngaring,4,Inti,2024,Topaz,TBM,N152024,561,3.94,142.38578680203045
1286,N21,Ngaring,4,Inti,2024,Socfindo,TBM,N212024,210,1.54,136.36363636363637
1287,N22,Ngaring,4,Inti,2024,Socfindo,TBM,N222024,939,6.73,139.52451708766716
1288,N23,Ngaring,4,Inti,2024,Socfindo,TBM,N232024,1562,11.32,137.98586572438165
1289,N24,Ngaring,4,Inti,2024,Socfindo,TBM,N242024,233,1.97,118.2741116751269
1290,N25,Ngaring,4,Inti,2024,Socfindo,TBM,N252024,844,6.130000000000001,137.68352365415984
1291,N26,Ngaring,4,Inti,2024,Socfindo,TBM,N262024,74,0.47,157.4468085106383
1292,N34,Ngaring,4,Inti,2024,Socfindo,TBM,N342024,1055,7.61,138.6333771353482
1293,N35,Ngaring,4,Inti,2024,Socfindo,TBM,N352024,132,0.99,133.33333333333334
1294,N36,Ngaring,4,Inti,2024,Socfindo,TBM,N362024,471,3.64,129.39560439560438
1295,N37,Ngaring,4,Inti,2024,Socfindo,TBM,N372024,1067,7.42,143.80053908355796
1296,N44,Ngaring,4,Inti,2024,Socfindo,TBM,N442024,568,3.7,153.51351351351352
1297,N45,Ngaring,4,Inti,2024,Socfindo,TBM,N452024,62,0.53,116.98113207547168
